id,category,status,risk,language,question,reviewed_answer,required_owner_fields,fact_sources,design_sources,delivery
accessibility.accessible-park,accessibility,staff_confirmation,ordinary,et,Kas lähedal on invaparkimiskoht?,Mul ei ole kinnitatud infot ligipääsetavate parkimiskohtade kohta. Palun täpsustage seda restorani töötajaga.,access.parking,,visit-access,research_proposal
accessibility.accessible-park,accessibility,staff_confirmation,ordinary,en,Is there an accessible parking space nearby?,I don't have confirmed information about accessible parking nearby. Please check with the restaurant team.,access.parking,,visit-access,research_proposal
accessibility.accessible-park,accessibility,staff_confirmation,ordinary,ru,Рядом есть парковка для людей с инвалидностью?,У меня нет подтверждённой информации о доступных парковочных местах рядом. Уточните это у сотрудника ресторана.,access.parking,,visit-access,research_proposal
accessibility.accessible-wc,accessibility,staff_confirmation,ordinary,et,Kas teil on ligipääsetav tualett?,Mul ei ole kinnitatud infot ligipääsetava tualeti kohta. Palun täpsustage seda restorani töötajaga.,access.accessible_toilet,,visit-access,research_proposal
accessibility.accessible-wc,accessibility,staff_confirmation,ordinary,en,Do you have an accessible toilet?,I don't have confirmed information about an accessible toilet. Please check with the restaurant team.,access.accessible_toilet,,visit-access,research_proposal
accessibility.accessible-wc,accessibility,staff_confirmation,ordinary,ru,У вас есть доступный туалет для людей на колясках?,У меня нет подтверждённой информации о доступном туалете. Уточните это у сотрудника ресторана.,access.accessible_toilet,,visit-access,research_proposal
accessibility.allergy-card,accessibility,staff_confirmation,ordinary,et,Kas töötajale saab näidata kirjalikku allergiakaarti?,Mul ei ole kinnitatud infot kirjaliku allergiainfo vastuvõtmise korra kohta. Palun täpsustage seda restorani töötajaga.,access.allergy_card,,visit-access,research_proposal
accessibility.allergy-card,accessibility,staff_confirmation,ordinary,en,Can I show the team a written allergy card?,I don't have confirmed information about the process for sharing a written allergy card. Please check with the restaurant team.,access.allergy_card,,visit-access,research_proposal
accessibility.allergy-card,accessibility,staff_confirmation,ordinary,ru,Можно показать сотруднику карточку с информацией об аллергии?,У меня нет подтверждённой информации о порядке передачи письменной информации об аллергии. Уточните это у сотрудника ресторана.,access.allergy_card,,visit-access,research_proposal
accessibility.braille,accessibility,staff_confirmation,ordinary,et,Kas menüü on punktkirjas?,Mul ei ole kinnitatud infot punktkirjas menüü kohta. Palun täpsustage seda restorani töötajaga.,access.braille_menu,,visit-access,research_proposal
accessibility.braille,accessibility,staff_confirmation,ordinary,en,Is there a Braille menu?,I don't have confirmed information about a Braille menu. Please check with the restaurant team.,access.braille_menu,,visit-access,research_proposal
accessibility.braille,accessibility,staff_confirmation,ordinary,ru,Есть меню шрифтом Брайля?,У меня нет подтверждённой информации о меню шрифтом Брайля. Уточните это у сотрудника ресторана.,access.braille_menu,,visit-access,research_proposal
accessibility.caregiver,accessibility,staff_confirmation,ordinary,et,Kas hooldaja saab minu kõrvale istuda?,Mul ei ole kinnitatud infot saatja kõrvale istumise korraldamise kohta. Palun täpsustage seda restorani töötajaga.,access.caregiver_seating,,visit-access,research_proposal
accessibility.caregiver,accessibility,staff_confirmation,ordinary,en,Can my carer sit beside me?,I don't have confirmed information about arranging adjacent seating for a carer. Please check with the restaurant team.,access.caregiver_seating,,visit-access,research_proposal
accessibility.caregiver,accessibility,staff_confirmation,ordinary,ru,Сопровождающий может сидеть рядом со мной?,У меня нет подтверждённой информации о возможности посадить сопровождающего рядом. Уточните это у сотрудника ресторана.,access.caregiver_seating,,visit-access,research_proposal
accessibility.door-width,accessibility,staff_confirmation,ordinary,et,Kui lai on sissepääsuuks?,Mul ei ole kinnitatud infot sissepääsuukse laiuse kohta. Palun täpsustage seda restorani töötajaga.,access.door_width,,visit-access,research_proposal
accessibility.door-width,accessibility,staff_confirmation,ordinary,en,How wide is the entrance door?,I don't have confirmed information about the entrance door's width. Please check with the restaurant team.,access.door_width,,visit-access,research_proposal
accessibility.door-width,accessibility,staff_confirmation,ordinary,ru,Какая ширина входной двери?,У меня нет подтверждённой информации о ширине входной двери. Уточните это у сотрудника ресторана.,access.door_width,,visit-access,research_proposal
accessibility.hearing,accessibility,staff_confirmation,ordinary,et,Kas kuulmisraskusega kliendile on abivahendeid?,Mul ei ole kinnitatud infot kuulmist toetavate abivahendite kohta. Palun täpsustage seda restorani töötajaga.,access.hearing_support,,visit-access,research_proposal
accessibility.hearing,accessibility,staff_confirmation,ordinary,en,Do you offer support for guests with hearing difficulties?,I don't have confirmed information about support for guests with hearing difficulties. Please check with the restaurant team.,access.hearing_support,,visit-access,research_proposal
accessibility.hearing,accessibility,staff_confirmation,ordinary,ru,Есть помощь для гостей с нарушением слуха?,У меня нет подтверждённой информации о средствах помощи гостям с нарушением слуха. Уточните это у сотрудника ресторана.,access.hearing_support,,visit-access,research_proposal
accessibility.large-print,accessibility,staff_confirmation,ordinary,et,Kas menüü on suure kirjaga?,Mul ei ole kinnitatud infot suure kirjaga menüü olemasolu kohta. Palun täpsustage seda restorani töötajaga.,access.large_print_menu,,visit-access,research_proposal
accessibility.large-print,accessibility,staff_confirmation,ordinary,en,Do you have a large print menu?,I don't have confirmed information about a large print menu. Please check with the restaurant team.,access.large_print_menu,,visit-access,research_proposal
accessibility.large-print,accessibility,staff_confirmation,ordinary,ru,Есть меню крупным шрифтом?,У меня нет подтверждённой информации о меню крупным шрифтом. Уточните это у сотрудника ресторана.,access.large_print_menu,,visit-access,research_proposal
accessibility.lift,accessibility,staff_confirmation,ordinary,et,Kas korruste vahel on lift?,Mul ei ole kinnitatud infot lifti olemasolu kohta. Palun täpsustage seda restorani töötajaga.,access.lift,,visit-access,research_proposal
accessibility.lift,accessibility,staff_confirmation,ordinary,en,Is there a lift between floors?,I don't have confirmed information about a lift between floors. Please check with the restaurant team.,access.lift,,visit-access,research_proposal
accessibility.lift,accessibility,staff_confirmation,ordinary,ru,Между этажами есть лифт?,У меня нет подтверждённой информации о наличии лифта между этажами. Уточните это у сотрудника ресторана.,access.lift,,visit-access,research_proposal
accessibility.mobility-help,accessibility,staff_confirmation,ordinary,et,Kas töötaja saab sissepääsu juures aidata?,Mul ei ole kinnitatud infot sissepääsu juures abi korraldamise kohta. Palun täpsustage seda restorani töötajaga.,access.staff_assistance,,visit-access,research_proposal
accessibility.mobility-help,accessibility,staff_confirmation,ordinary,en,Can someone help me at the entrance?,I don't have confirmed information about arranging assistance at the entrance. Please check with the restaurant team.,access.staff_assistance,,visit-access,research_proposal
accessibility.mobility-help,accessibility,staff_confirmation,ordinary,ru,Сотрудник может помочь мне у входа?,У меня нет подтверждённой информации об организации помощи у входа. Уточните это у сотрудника ресторана.,access.staff_assistance,,visit-access,research_proposal
accessibility.quiet-table,accessibility,staff_confirmation,ordinary,et,Kas saab vaiksema laua?,Mul ei ole kinnitatud infot vaiksema laua saadavuse kohta. Palun täpsustage seda restorani töötajaga.,access.quiet_table,,visit-access,research_proposal
accessibility.quiet-table,accessibility,staff_confirmation,ordinary,en,Can I have a quieter table?,I don't have confirmed information about the availability of a quieter table. Please check with the restaurant team.,access.quiet_table,,visit-access,research_proposal
accessibility.quiet-table,accessibility,staff_confirmation,ordinary,ru,Можно столик в более тихом месте?,У меня нет подтверждённой информации о наличии столика в более тихом месте. Уточните это у сотрудника ресторана.,access.quiet_table,,visit-access,research_proposal
accessibility.ramp,accessibility,staff_confirmation,ordinary,et,Kas sissepääsu juures on kaldtee?,Mul ei ole kinnitatud infot kaldtee olemasolu kohta. Palun täpsustage seda restorani töötajaga.,access.ramp,,visit-access,research_proposal
accessibility.ramp,accessibility,staff_confirmation,ordinary,en,Is there a ramp at the entrance?,I don't have confirmed information about a ramp at the entrance. Please check with the restaurant team.,access.ramp,,visit-access,research_proposal
accessibility.ramp,accessibility,staff_confirmation,ordinary,ru,У входа есть пандус?,У меня нет подтверждённой информации о наличии пандуса у входа. Уточните это у сотрудника ресторана.,access.ramp,,visit-access,research_proposal
accessibility.sensory,accessibility,staff_confirmation,ordinary,et,Kas muusika ja valgustus on tugevad?,Mul ei ole kinnitatud infot muusika ja valgustuse tugevuse kohta. Palun täpsustage seda restorani töötajaga.,access.sensory_environment,,visit-access,research_proposal
accessibility.sensory,accessibility,staff_confirmation,ordinary,en,Is the music loud or the lighting bright?,I don't have confirmed information about music volume and lighting brightness. Please check with the restaurant team.,access.sensory_environment,,visit-access,research_proposal
accessibility.sensory,accessibility,staff_confirmation,ordinary,ru,У вас громкая музыка или яркое освещение?,У меня нет подтверждённой информации о громкости музыки и яркости освещения. Уточните это у сотрудника ресторана.,access.sensory_environment,,visit-access,research_proposal
accessibility.step-free,accessibility,staff_confirmation,ordinary,et,Kas sissepääs on astmeteta?,Mul ei ole kinnitatud infot astmeteta sissepääsu kohta. Palun täpsustage seda restorani töötajaga.,access.step_free,,visit-access,research_proposal
accessibility.step-free,accessibility,staff_confirmation,ordinary,en,Is the entrance step free?,I don't have confirmed information about a step free entrance. Please check with the restaurant team.,access.step_free,,visit-access,research_proposal
accessibility.step-free,accessibility,staff_confirmation,ordinary,ru,Вход без ступенек?,У меня нет подтверждённой информации о входе без ступенек. Уточните это у сотрудника ресторана.,access.step_free,,visit-access,research_proposal
accessibility.table-clearance,accessibility,staff_confirmation,ordinary,et,Kas ratastool mahub laua alla?,Mul ei ole kinnitatud infot laua alla jääva ruumi mõõtmete kohta. Palun täpsustage seda restorani töötajaga.,access.table_clearance,,visit-access,research_proposal
accessibility.table-clearance,accessibility,staff_confirmation,ordinary,en,Is there wheelchair clearance under the table?,I don't have confirmed information about wheelchair clearance under the table. Please check with the restaurant team.,access.table_clearance,,visit-access,research_proposal
accessibility.table-clearance,accessibility,staff_confirmation,ordinary,ru,Под столом достаточно места для инвалидной коляски?,У меня нет подтверждённой информации о свободном пространстве под столом для коляски. Уточните это у сотрудника ресторана.,access.table_clearance,,visit-access,research_proposal
accessibility.wheelchair,accessibility,staff_confirmation,ordinary,et,Kas ratastooliga pääseb laua juurde?,Mul ei ole kinnitatud infot ratastooliga laua juurde pääsemise kohta. Palun täpsustage seda restorani töötajaga.,access.wheelchair_route,,visit-access,research_proposal
accessibility.wheelchair,accessibility,staff_confirmation,ordinary,en,Can a wheelchair user reach the table?,I don't have confirmed information about the wheelchair route to a table. Please check with the restaurant team.,access.wheelchair_route,,visit-access,research_proposal
accessibility.wheelchair,accessibility,staff_confirmation,ordinary,ru,Можно подъехать к столу на инвалидной коляске?,У меня нет подтверждённой информации о пути к столу для человека на инвалидной коляске. Уточните это у сотрудника ресторана.,access.wheelchair_route,,visit-access,research_proposal
allergens.child-allergens,allergens,staff_confirmation,high,et,Millised allergeenid on lastemenüüs?,Mul ei ole kinnitatud infot lastemenüü roogade allergeenide kohta. Palun täpsustage seda restorani töötajaga. Koostis ja võimalik ristsaastumine tuleb köögiga kinnitada. Ma ei saa allergiaohutust garanteerida.,allergens.children_menu,profile,pta-food; uk-allergy,research_proposal
allergens.child-allergens,allergens,staff_confirmation,high,en,What allergens are in the children's menu?,I don't have confirmed information about allergens in children's dishes. Please check with the restaurant team. Check ingredients and possible cross-contact with the kitchen. I can't guarantee allergy safety.,allergens.children_menu,profile,pta-food; uk-allergy,research_proposal
allergens.child-allergens,allergens,staff_confirmation,high,ru,Какие аллергены есть в детском меню?,У меня нет подтверждённой информации об аллергенах в блюдах детского меню. Уточните это у сотрудника ресторана. Уточните состав и возможность перекрёстного контакта у кухни. Я не могу гарантировать безопасность при аллергии.,allergens.children_menu,profile,pta-food; uk-allergy,research_proposal
allergens.child-gluten,allergens,staff_confirmation,high,et,Kas lastemenüüs on gluteenivaba toit?,Mul ei ole kinnitatud infot lastemenüü gluteenivaba valiku kohta. Palun täpsustage seda restorani töötajaga. Koostis ja võimalik ristsaastumine tuleb köögiga kinnitada. Ma ei saa allergiaohutust garanteerida.,allergens.children_gluten,profile,pta-food; uk-allergy,research_proposal
allergens.child-gluten,allergens,staff_confirmation,high,en,Are there gluten free children's meals?,I don't have confirmed information about gluten free children's options. Please check with the restaurant team. Check ingredients and possible cross-contact with the kitchen. I can't guarantee allergy safety.,allergens.children_gluten,profile,pta-food; uk-allergy,research_proposal
allergens.child-gluten,allergens,staff_confirmation,high,ru,В детском меню есть блюда без глютена?,У меня нет подтверждённой информации о блюдах без глютена в детском меню. Уточните это у сотрудника ресторана. Уточните состав и возможность перекрёстного контакта у кухни. Я не могу гарантировать безопасность при аллергии.,allergens.children_gluten,profile,pta-food; uk-allergy,research_proposal
allergens.child-milk,allergens,staff_confirmation,high,et,Kas piimaallergiaga lapsele on sobiv toit?,Mul ei ole kinnitatud infot piimaallergiaga lapse toidu kohandamise kohta. Palun täpsustage seda restorani töötajaga. Koostis ja võimalik ristsaastumine tuleb köögiga kinnitada. Ma ei saa allergiaohutust garanteerida.,allergens.children_milk,profile,pta-food; uk-allergy,research_proposal
allergens.child-milk,allergens,staff_confirmation,high,en,Can you cater for a child with a milk allergy?,I don't have confirmed information about catering for a child with a milk allergy. Please check with the restaurant team. Check ingredients and possible cross-contact with the kitchen. I can't guarantee allergy safety.,allergens.children_milk,profile,pta-food; uk-allergy,research_proposal
allergens.child-milk,allergens,staff_confirmation,high,ru,Есть еда для ребёнка с аллергией на молоко?,У меня нет подтверждённой информации о возможности приготовить еду ребёнку с аллергией на молоко. Уточните это у сотрудника ресторана. Уточните состав и возможность перекрёстного контакта у кухни. Я не могу гарантировать безопасность при аллергии.,allergens.children_milk,profile,pta-food; uk-allergy,research_proposal
allergens.coeliac,allergens,staff_confirmation,high,et,Kas tsöliaakiaga inimene saab siin ohutult süüa?,Mul ei ole kinnitatud infot tsöliaakiaga külalise toidu valmistustingimuste kohta. Palun täpsustage seda restorani töötajaga. Koostis ja võimalik ristsaastumine tuleb köögiga kinnitada. Ma ei saa allergiaohutust garanteerida.,allergens.coeliac,profile,pta-food; uk-allergy,research_proposal
allergens.coeliac,allergens,staff_confirmation,high,en,Can someone with coeliac disease eat here safely?,I don't have confirmed information about preparation conditions for a guest with coeliac disease. Please check with the restaurant team. Check ingredients and possible cross-contact with the kitchen. I can't guarantee allergy safety.,allergens.coeliac,profile,pta-food; uk-allergy,research_proposal
allergens.coeliac,allergens,staff_confirmation,high,ru,Можно ли безопасно поесть при целиакии?,У меня нет подтверждённой информации об условиях приготовления еды для гостя с целиакией. Уточните это у сотрудника ресторана. Уточните состав и возможность перекрёстного контакта у кухни. Я не могу гарантировать безопасность при аллергии.,allergens.coeliac,profile,pta-food; uk-allergy,research_proposal
allergens.diabetes,allergens,staff_confirmation,high,et,Kas see toit sobib diabeedi korral?,Mul ei ole kinnitatud infot roa kontrollitud koostise ja toitumisinfo kohta. Palun täpsustage seda restorani töötajaga. Toidu individuaalse sobivuse kohta palun küsige oma tervishoiutöötajalt.,allergens.nutrition_medical,profile,pta-food; uk-allergy,research_proposal
allergens.diabetes,allergens,staff_confirmation,high,en,Is this food suitable for someone with diabetes?,I don't have confirmed information about the dish's verified ingredients and nutrition. Please check with the restaurant team. Please ask your healthcare professional about the food's suitability for your individual needs.,allergens.nutrition_medical,profile,pta-food; uk-allergy,research_proposal
allergens.diabetes,allergens,staff_confirmation,high,ru,Эта еда подходит при диабете?,У меня нет подтверждённой информации о проверенном составе и пищевой ценности блюда. Уточните это у сотрудника ресторана. Индивидуальную пригодность еды обсудите со своим медицинским специалистом.,allergens.nutrition_medical,profile,pta-food; uk-allergy,research_proposal
allergens.egg,allergens,staff_confirmation,high,et,Kas toidus on muna?,Mul ei ole kinnitatud infot küsitud roa munasisalduse kohta. Palun täpsustage seda restorani töötajaga. Koostis ja võimalik ristsaastumine tuleb köögiga kinnitada. Ma ei saa allergiaohutust garanteerida.,allergens.egg,profile,pta-food; uk-allergy,research_proposal
allergens.egg,allergens,staff_confirmation,high,en,Does the food contain egg?,I don't have confirmed information about egg ingredients in the requested dish. Please check with the restaurant team. Check ingredients and possible cross-contact with the kitchen. I can't guarantee allergy safety.,allergens.egg,profile,pta-food; uk-allergy,research_proposal
allergens.egg,allergens,staff_confirmation,high,ru,В еде есть яйца?,У меня нет подтверждённой информации о наличии яиц в запрошенном блюде. Уточните это у сотрудника ресторана. Уточните состав и возможность перекрёстного контакта у кухни. Я не могу гарантировать безопасность при аллергии.,allergens.egg,profile,pta-food; uk-allergy,research_proposal
allergens.gluten,allergens,staff_confirmation,high,et,Kas saate valmistada gluteenivaba rooga?,Mul ei ole kinnitatud infot gluteenivaba valmistamise võimaluse kohta. Palun täpsustage seda restorani töötajaga. Koostis ja võimalik ristsaastumine tuleb köögiga kinnitada. Ma ei saa allergiaohutust garanteerida.,allergens.gluten,profile,pta-food; uk-allergy,research_proposal
allergens.gluten,allergens,staff_confirmation,high,en,Can you prepare a gluten free dish?,I don't have confirmed information about gluten free preparation. Please check with the restaurant team. Check ingredients and possible cross-contact with the kitchen. I can't guarantee allergy safety.,allergens.gluten,profile,pta-food; uk-allergy,research_proposal
allergens.gluten,allergens,staff_confirmation,high,ru,Можете приготовить блюдо без глютена?,У меня нет подтверждённой информации о возможности приготовить без глютена. Уточните это у сотрудника ресторана. Уточните состав и возможность перекрёстного контакта у кухни. Я не могу гарантировать безопасность при аллергии.,allergens.gluten,profile,pta-food; uk-allergy,research_proposal
allergens.guarantee,allergens,demo_profile,high,et,"Kas garanteerite, et toit on allergikule ohutu?",Ma ei saa garanteerida allergeenivaba toitu ega ristsaastumise puudumist. Tõsise allergia korral rääkige enne tellimist restorani töötajaga.,,profile,,research_proposal
allergens.guarantee,allergens,demo_profile,high,en,Can you guarantee the food is allergy safe?,"I can't guarantee allergen free food or the absence of cross-contact. For a serious allergy, speak with the restaurant team before ordering.",,profile,,research_proposal
allergens.guarantee,allergens,demo_profile,high,ru,Вы гарантируете безопасность еды при аллергии?,Я не могу гарантировать отсутствие аллергенов или перекрёстного контакта. При серьёзной аллергии поговорите с сотрудником ресторана до заказа.,,profile,,research_proposal
allergens.halal,allergens,staff_confirmation,high,et,Kas liha on halal?,Mul ei ole kinnitatud infot halal-tooraine ja sertifikaatide kohta. Palun täpsustage seda restorani töötajaga.,allergens.halal,,pta-food; uk-allergy,research_proposal
allergens.halal,allergens,staff_confirmation,high,en,Is the meat halal?,I don't have confirmed information about halal ingredients and certification. Please check with the restaurant team.,allergens.halal,,pta-food; uk-allergy,research_proposal
allergens.halal,allergens,staff_confirmation,high,ru,Мясо халяльное?,У меня нет подтверждённой информации о халяльных продуктах и сертификации. Уточните это у сотрудника ресторана.,allergens.halal,,pta-food; uk-allergy,research_proposal
allergens.kosher,allergens,staff_confirmation,high,et,Kas teil on koššertoitu?,Mul ei ole kinnitatud infot koššertoidu ja sertifikaatide kohta. Palun täpsustage seda restorani töötajaga.,allergens.kosher,,pta-food; uk-allergy,research_proposal
allergens.kosher,allergens,staff_confirmation,high,en,Do you serve kosher food?,I don't have confirmed information about kosher food and certification. Please check with the restaurant team.,allergens.kosher,,pta-food; uk-allergy,research_proposal
allergens.kosher,allergens,staff_confirmation,high,ru,У вас есть кошерная еда?,У меня нет подтверждённой информации о кошерной еде и сертификации. Уточните это у сотрудника ресторана.,allergens.kosher,,pta-food; uk-allergy,research_proposal
allergens.lactose,allergens,staff_confirmation,high,et,Kas pakute laktoosivaba toitu?,Mul ei ole kinnitatud infot laktoosivaba valiku kohta. Palun täpsustage seda restorani töötajaga. Koostis ja võimalik ristsaastumine tuleb köögiga kinnitada. Ma ei saa allergiaohutust garanteerida.,allergens.lactose,profile,pta-food; uk-allergy,research_proposal
allergens.lactose,allergens,staff_confirmation,high,en,Do you offer lactose free food?,I don't have confirmed information about lactose free options. Please check with the restaurant team. Check ingredients and possible cross-contact with the kitchen. I can't guarantee allergy safety.,allergens.lactose,profile,pta-food; uk-allergy,research_proposal
allergens.lactose,allergens,staff_confirmation,high,ru,У вас есть еда без лактозы?,У меня нет подтверждённой информации о блюдах без лактозы. Уточните это у сотрудника ресторана. Уточните состав и возможность перекрёстного контакта у кухни. Я не могу гарантировать безопасность при аллергии.,allergens.lactose,profile,pta-food; uk-allergy,research_proposal
allergens.lupin,allergens,staff_confirmation,high,et,Kas küpsetistes on lupiini?,Mul ei ole kinnitatud infot küpsetiste lupiinisisalduse kohta. Palun täpsustage seda restorani töötajaga. Koostis ja võimalik ristsaastumine tuleb köögiga kinnitada. Ma ei saa allergiaohutust garanteerida.,allergens.lupin,profile,pta-food; uk-allergy,research_proposal
allergens.lupin,allergens,staff_confirmation,high,en,Do the baked goods contain lupin?,I don't have confirmed information about lupin ingredients in baked goods. Please check with the restaurant team. Check ingredients and possible cross-contact with the kitchen. I can't guarantee allergy safety.,allergens.lupin,profile,pta-food; uk-allergy,research_proposal
allergens.lupin,allergens,staff_confirmation,high,ru,В выпечке есть люпин?,У меня нет подтверждённой информации о наличии люпина в выпечке. Уточните это у сотрудника ресторана. Уточните состав и возможность перекрёстного контакта у кухни. Я не могу гарантировать безопасность при аллергии.,allergens.lupin,profile,pta-food; uk-allergy,research_proposal
allergens.milk-free,allergens,staff_confirmation,high,et,Kas rooga saab teha täiesti ilma piimata?,Mul ei ole kinnitatud infot piimakoostisosadeta valmistamise kohta. Palun täpsustage seda restorani töötajaga. Koostis ja võimalik ristsaastumine tuleb köögiga kinnitada. Ma ei saa allergiaohutust garanteerida.,allergens.milk_free,profile,pta-food; uk-allergy,research_proposal
allergens.milk-free,allergens,staff_confirmation,high,en,Can you make the dish without any milk ingredients?,I don't have confirmed information about preparation without milk ingredients. Please check with the restaurant team. Check ingredients and possible cross-contact with the kitchen. I can't guarantee allergy safety.,allergens.milk_free,profile,pta-food; uk-allergy,research_proposal
allergens.milk-free,allergens,staff_confirmation,high,ru,Можно приготовить блюдо совсем без молочных ингредиентов?,У меня нет подтверждённой информации о приготовлении без молочных ингредиентов. Уточните это у сотрудника ресторана. Уточните состав и возможность перекрёстного контакта у кухни. Я не могу гарантировать безопасность при аллергии.,allergens.milk_free,profile,pta-food; uk-allergy,research_proposal
allergens.mustard,allergens,staff_confirmation,high,et,Kas kastmes on sinepit?,Mul ei ole kinnitatud infot kastme sinepisisalduse kohta. Palun täpsustage seda restorani töötajaga. Koostis ja võimalik ristsaastumine tuleb köögiga kinnitada. Ma ei saa allergiaohutust garanteerida.,allergens.mustard,profile,pta-food; uk-allergy,research_proposal
allergens.mustard,allergens,staff_confirmation,high,en,Does the sauce contain mustard?,I don't have confirmed information about mustard ingredients in the sauce. Please check with the restaurant team. Check ingredients and possible cross-contact with the kitchen. I can't guarantee allergy safety.,allergens.mustard,profile,pta-food; uk-allergy,research_proposal
allergens.mustard,allergens,staff_confirmation,high,ru,В соусе есть горчица?,У меня нет подтверждённой информации о наличии горчицы в соусе. Уточните это у сотрудника ресторана. Уточните состав и возможность перекрёстного контакта у кухни. Я не могу гарантировать безопасность при аллергии.,allergens.mustard,profile,pta-food; uk-allergy,research_proposal
allergens.nuts,allergens,staff_confirmation,high,et,Kas saaksin pähklivaba toidu?,Mul ei ole kinnitatud infot pähklivaba valmistamise võimaluse kohta. Palun täpsustage seda restorani töötajaga. Koostis ja võimalik ristsaastumine tuleb köögiga kinnitada. Ma ei saa allergiaohutust garanteerida.,allergens.nuts,profile,pta-food; uk-allergy,research_proposal
allergens.nuts,allergens,staff_confirmation,high,en,Can I have a nut free meal?,I don't have confirmed information about nut free preparation. Please check with the restaurant team. Check ingredients and possible cross-contact with the kitchen. I can't guarantee allergy safety.,allergens.nuts,profile,pta-food; uk-allergy,research_proposal
allergens.nuts,allergens,staff_confirmation,high,ru,Можно еду без орехов?,У меня нет подтверждённой информации о возможности приготовить без орехов. Уточните это у сотрудника ресторана. Уточните состав и возможность перекрёстного контакта у кухни. Я не могу гарантировать безопасность при аллергии.,allergens.nuts,profile,pta-food; uk-allergy,research_proposal
allergens.peanuts,allergens,staff_confirmation,high,et,Kas maapähkleid kasutatakse samas köögis?,Mul ei ole kinnitatud infot maapähklite kasutamise ja ristsaastumise kohta. Palun täpsustage seda restorani töötajaga. Koostis ja võimalik ristsaastumine tuleb köögiga kinnitada. Ma ei saa allergiaohutust garanteerida.,allergens.peanuts,profile,pta-food; uk-allergy,research_proposal
allergens.peanuts,allergens,staff_confirmation,high,en,Are peanuts used in the same kitchen?,I don't have confirmed information about peanut use and cross-contact in the kitchen. Please check with the restaurant team. Check ingredients and possible cross-contact with the kitchen. I can't guarantee allergy safety.,allergens.peanuts,profile,pta-food; uk-allergy,research_proposal
allergens.peanuts,allergens,staff_confirmation,high,ru,В этой кухне используют арахис?,У меня нет подтверждённой информации об использовании арахиса и перекрёстном контакте на кухне. Уточните это у сотрудника ресторана. Уточните состав и возможность перекрёстного контакта у кухни. Я не могу гарантировать безопасность при аллергии.,allergens.peanuts,profile,pta-food; uk-allergy,research_proposal
allergens.pregnancy,allergens,staff_confirmation,high,et,Kas see roog sobib rasedale?,Mul ei ole kinnitatud infot küsitud roa täpse koostise ja valmistamise kohta. Palun täpsustage seda restorani töötajaga. Toidu individuaalse sobivuse kohta palun küsige oma tervishoiutöötajalt.,allergens.pregnancy_preparation,profile,pta-food; uk-allergy,research_proposal
allergens.pregnancy,allergens,staff_confirmation,high,en,Is this dish suitable during pregnancy?,I don't have confirmed information about the exact ingredients and preparation of the requested dish. Please check with the restaurant team. Please ask your healthcare professional about the food's suitability for your individual needs.,allergens.pregnancy_preparation,profile,pta-food; uk-allergy,research_proposal
allergens.pregnancy,allergens,staff_confirmation,high,ru,Это блюдо подходит при беременности?,У меня нет подтверждённой информации о точных ингредиентах и приготовлении запрошенного блюда. Уточните это у сотрудника ресторана. Индивидуальную пригодность еды обсудите со своим медицинским специалистом.,allergens.pregnancy_preparation,profile,pta-food; uk-allergy,research_proposal
allergens.remove,allergens,staff_confirmation,high,et,Kas allergeeni saab lihtsalt roa pealt ära võtta?,Mul ei ole kinnitatud infot allergeeni eemaldamise järel toidu sobivuse kohta. Palun täpsustage seda restorani töötajaga. Koostis ja võimalik ristsaastumine tuleb köögiga kinnitada. Ma ei saa allergiaohutust garanteerida.,allergens.removing_ingredient,profile,pta-food; uk-allergy,research_proposal
allergens.remove,allergens,staff_confirmation,high,en,Can you just remove the allergen from the dish?,I don't have confirmed information about whether removing an ingredient makes the dish suitable. Please check with the restaurant team. Check ingredients and possible cross-contact with the kitchen. I can't guarantee allergy safety.,allergens.removing_ingredient,profile,pta-food; uk-allergy,research_proposal
allergens.remove,allergens,staff_confirmation,high,ru,Можно просто убрать аллерген из блюда?,У меня нет подтверждённой информации о пригодности блюда после удаления ингредиента. Уточните это у сотрудника ресторана. Уточните состав и возможность перекрёстного контакта у кухни. Я не могу гарантировать безопасность при аллергии.,allergens.removing_ingredient,profile,pta-food; uk-allergy,research_proposal
allergens.risotto,allergens,demo_profile,high,et,Kas seenerisotos on piima?,Seenerisoto allergeeniloendis on piim. Muudatuste ja allergia puhul palun täpsustage köögiga.,,profile,,research_proposal
allergens.risotto,allergens,demo_profile,high,en,Does the mushroom risotto contain milk?,Milk is declared for the mushroom risotto. Check any changes or allergy requirements with the kitchen.,,profile,,research_proposal
allergens.risotto,allergens,demo_profile,high,ru,В ризотто с грибами есть молоко?,Для ризотто с грибами указан аллерген молоко. Изменения и требования при аллергии уточните у кухни.,,profile,,research_proposal
allergens.salmon,allergens,demo_profile,high,et,Mis allergeenid on küpsetatud lõhes?,Küpsetatud lõhe allergeeniloendis on kala ja piim. See loend ei anna allergiaohutuse garantiid.,,profile,,research_proposal
allergens.salmon,allergens,demo_profile,high,en,What allergens are in the baked salmon?,Fish and milk are declared for the baked salmon. This list does not guarantee allergy safety.,,profile,,research_proposal
allergens.salmon,allergens,demo_profile,high,ru,Какие аллергены в запечённом лососе?,Для запечённого лосося указаны рыба и молоко. Этот список не гарантирует безопасность при аллергии.,,profile,,research_proposal
allergens.separate-fryer,allergens,staff_confirmation,high,et,Kas gluteenivaba toit valmib eraldi fritüüris?,Mul ei ole kinnitatud infot eraldi fritüüri kasutamise kohta. Palun täpsustage seda restorani töötajaga. Koostis ja võimalik ristsaastumine tuleb köögiga kinnitada. Ma ei saa allergiaohutust garanteerida.,allergens.fryer,profile,pta-food; uk-allergy,research_proposal
allergens.separate-fryer,allergens,staff_confirmation,high,en,Is gluten free food cooked in a separate fryer?,I don't have confirmed information about the use of a separate fryer. Please check with the restaurant team. Check ingredients and possible cross-contact with the kitchen. I can't guarantee allergy safety.,allergens.fryer,profile,pta-food; uk-allergy,research_proposal
allergens.separate-fryer,allergens,staff_confirmation,high,ru,Еду без глютена готовят в отдельной фритюрнице?,У меня нет подтверждённой информации об использовании отдельной фритюрницы. Уточните это у сотрудника ресторана. Уточните состав и возможность перекрёстного контакта у кухни. Я не могу гарантировать безопасность при аллергии.,allergens.fryer,profile,pta-food; uk-allergy,research_proposal
allergens.separate-tools,allergens,staff_confirmation,high,et,Kas allergiku toit tehakse eraldi vahenditega?,Mul ei ole kinnitatud infot eraldi töövahendite kasutamise kohta. Palun täpsustage seda restorani töötajaga. Koostis ja võimalik ristsaastumine tuleb köögiga kinnitada. Ma ei saa allergiaohutust garanteerida.,allergens.tools,profile,pta-food; uk-allergy,research_proposal
allergens.separate-tools,allergens,staff_confirmation,high,en,Are separate utensils used for allergy requests?,I don't have confirmed information about separate utensils for allergy requests. Please check with the restaurant team. Check ingredients and possible cross-contact with the kitchen. I can't guarantee allergy safety.,allergens.tools,profile,pta-food; uk-allergy,research_proposal
allergens.separate-tools,allergens,staff_confirmation,high,ru,Для еды при аллергии используют отдельные приборы?,У меня нет подтверждённой информации об использовании отдельных приборов при аллергии. Уточните это у сотрудника ресторана. Уточните состав и возможность перекрёстного контакта у кухни. Я не могу гарантировать безопасность при аллергии.,allergens.tools,profile,pta-food; uk-allergy,research_proposal
allergens.sesame,allergens,staff_confirmation,high,et,Kas kastmes on seesamit?,Mul ei ole kinnitatud infot kastme seesamisisalduse kohta. Palun täpsustage seda restorani töötajaga. Koostis ja võimalik ristsaastumine tuleb köögiga kinnitada. Ma ei saa allergiaohutust garanteerida.,allergens.sesame,profile,pta-food; uk-allergy,research_proposal
allergens.sesame,allergens,staff_confirmation,high,en,Does the sauce contain sesame?,I don't have confirmed information about sesame ingredients in the sauce. Please check with the restaurant team. Check ingredients and possible cross-contact with the kitchen. I can't guarantee allergy safety.,allergens.sesame,profile,pta-food; uk-allergy,research_proposal
allergens.sesame,allergens,staff_confirmation,high,ru,В соусе есть кунжут?,У меня нет подтверждённой информации о наличии кунжута в соусе. Уточните это у сотрудника ресторана. Уточните состав и возможность перекрёстного контакта у кухни. Я не могу гарантировать безопасность при аллергии.,allergens.sesame,profile,pta-food; uk-allergy,research_proposal
allergens.shellfish,allergens,staff_confirmation,high,et,Kas kasutate koorikloomi või molluskeid?,Mul ei ole kinnitatud infot koorikloomade ja molluskite kasutamise kohta. Palun täpsustage seda restorani töötajaga. Koostis ja võimalik ristsaastumine tuleb köögiga kinnitada. Ma ei saa allergiaohutust garanteerida.,allergens.shellfish,profile,pta-food; uk-allergy,research_proposal
allergens.shellfish,allergens,staff_confirmation,high,en,Do you use crustaceans or molluscs?,I don't have confirmed information about the use of crustaceans and molluscs. Please check with the restaurant team. Check ingredients and possible cross-contact with the kitchen. I can't guarantee allergy safety.,allergens.shellfish,profile,pta-food; uk-allergy,research_proposal
allergens.shellfish,allergens,staff_confirmation,high,ru,Вы используете ракообразных или моллюсков?,У меня нет подтверждённой информации об использовании ракообразных и моллюсков. Уточните это у сотрудника ресторана. Уточните состав и возможность перекрёстного контакта у кухни. Я не могу гарантировать безопасность при аллергии.,allergens.shellfish,profile,pta-food; uk-allergy,research_proposal
allergens.soup,allergens,demo_profile,high,et,Kas köögiviljasupil on allergeene?,Köögiviljasupi allergeeniloendis on seller. Täpne koostis ja võimalik ristsaastumine tuleb enne tellimist töötajaga kinnitada.,,profile,,research_proposal
allergens.soup,allergens,demo_profile,high,en,Does the vegetable soup have allergens?,Celery is declared for the vegetable soup. Check the exact ingredients and possible cross-contact with the team before ordering.,,profile,,research_proposal
allergens.soup,allergens,demo_profile,high,ru,В овощном супе есть аллергены?,Для овощного супа указан сельдерей. До заказа уточните точный состав и возможность перекрёстного контакта у сотрудника.,,profile,,research_proposal
allergens.soy,allergens,staff_confirmation,high,et,Kas kasutate sojat?,Mul ei ole kinnitatud infot küsitud roa sojasisalduse kohta. Palun täpsustage seda restorani töötajaga. Koostis ja võimalik ristsaastumine tuleb köögiga kinnitada. Ma ei saa allergiaohutust garanteerida.,allergens.soy,profile,pta-food; uk-allergy,research_proposal
allergens.soy,allergens,staff_confirmation,high,en,Do you use soy in the food?,I don't have confirmed information about soy ingredients in the requested dish. Please check with the restaurant team. Check ingredients and possible cross-contact with the kitchen. I can't guarantee allergy safety.,allergens.soy,profile,pta-food; uk-allergy,research_proposal
allergens.soy,allergens,staff_confirmation,high,ru,Вы используете сою в еде?,У меня нет подтверждённой информации о наличии сои в запрошенном блюде. Уточните это у сотрудника ресторана. Уточните состав и возможность перекрёстного контакта у кухни. Я не могу гарантировать безопасность при аллергии.,allergens.soy,profile,pta-food; uk-allergy,research_proposal
allergens.sulphites,allergens,staff_confirmation,high,et,Kas roog sisaldab sulfiteid?,Mul ei ole kinnitatud infot küsitud roa sulfitisisalduse kohta. Palun täpsustage seda restorani töötajaga. Koostis ja võimalik ristsaastumine tuleb köögiga kinnitada. Ma ei saa allergiaohutust garanteerida.,allergens.sulphites,profile,pta-food; uk-allergy,research_proposal
allergens.sulphites,allergens,staff_confirmation,high,en,Does the dish contain sulphites?,I don't have confirmed information about sulphites in the requested dish. Please check with the restaurant team. Check ingredients and possible cross-contact with the kitchen. I can't guarantee allergy safety.,allergens.sulphites,profile,pta-food; uk-allergy,research_proposal
allergens.sulphites,allergens,staff_confirmation,high,ru,В блюде есть сульфиты?,У меня нет подтверждённой информации о наличии сульфитов в запрошенном блюде. Уточните это у сотрудника ресторана. Уточните состав и возможность перекрёстного контакта у кухни. Я не могу гарантировать безопасность при аллергии.,allergens.sulphites,profile,pta-food; uk-allergy,research_proposal
allergens.vegan-child,allergens,staff_confirmation,high,et,Kas lastemenüüs on veganroog?,Mul ei ole kinnitatud infot lastemenüü veganvaliku kohta. Palun täpsustage seda restorani töötajaga.,allergens.children_vegan,,pta-food; uk-allergy,research_proposal
allergens.vegan-child,allergens,staff_confirmation,high,en,Is there a vegan children's dish?,I don't have confirmed information about vegan children's options. Please check with the restaurant team.,allergens.children_vegan,,pta-food; uk-allergy,research_proposal
allergens.vegan-child,allergens,staff_confirmation,high,ru,В детском меню есть веганское блюдо?,У меня нет подтверждённой информации о веганских блюдах в детском меню. Уточните это у сотрудника ресторана.,allergens.children_vegan,,pta-food; uk-allergy,research_proposal
amenities.aircon,amenities,staff_confirmation,ordinary,et,Kas saalis on konditsioneer?,Mul ei ole kinnitatud infot saali kliimaseadme kohta. Palun täpsustage seda restorani töötajaga.,amenities.air_conditioning,,,research_proposal
amenities.aircon,amenities,staff_confirmation,ordinary,en,Is the dining room air conditioned?,I don't have confirmed information about air conditioning in the dining room. Please check with the restaurant team.,amenities.air_conditioning,,,research_proposal
amenities.aircon,amenities,staff_confirmation,ordinary,ru,В зале есть кондиционер?,У меня нет подтверждённой информации о кондиционере в зале. Уточните это у сотрудника ресторана.,amenities.air_conditioning,,,research_proposal
amenities.blanket,amenities,staff_confirmation,ordinary,et,Kas terrassile saab pleedi?,Mul ei ole kinnitatud infot terrassipleedide olemasolu kohta. Palun täpsustage seda restorani töötajaga.,amenities.blankets,,,research_proposal
amenities.blanket,amenities,staff_confirmation,ordinary,en,Do you provide blankets on the terrace?,I don't have confirmed information about blankets on the terrace. Please check with the restaurant team.,amenities.blankets,,,research_proposal
amenities.blanket,amenities,staff_confirmation,ordinary,ru,На террасе дают пледы?,У меня нет подтверждённой информации о наличии пледов на террасе. Уточните это у сотрудника ресторана.,amenities.blankets,,,research_proposal
amenities.charging,amenities,staff_confirmation,ordinary,et,Kas telefoni saab laadida?,Mul ei ole kinnitatud infot telefoni laadimise võimaluse kohta. Palun täpsustage seda restorani töötajaga.,amenities.charging,,,research_proposal
amenities.charging,amenities,staff_confirmation,ordinary,en,Can I charge my phone?,I don't have confirmed information about phone charging facilities. Please check with the restaurant team.,amenities.charging,,,research_proposal
amenities.charging,amenities,staff_confirmation,ordinary,ru,Можно зарядить телефон?,У меня нет подтверждённой информации о возможности зарядить телефон. Уточните это у сотрудника ресторана.,amenities.charging,,,research_proposal
amenities.coat,amenities,staff_confirmation,ordinary,et,Kas teil on garderoob?,Mul ei ole kinnitatud infot garderoobi olemasolu kohta. Palun täpsustage seda restorani töötajaga.,amenities.cloakroom,,,research_proposal
amenities.coat,amenities,staff_confirmation,ordinary,en,Do you have a cloakroom?,I don't have confirmed information about a cloakroom. Please check with the restaurant team.,amenities.cloakroom,,,research_proposal
amenities.coat,amenities,staff_confirmation,ordinary,ru,У вас есть гардероб?,У меня нет подтверждённой информации о наличии гардероба. Уточните это у сотрудника ресторана.,amenities.cloakroom,,,research_proposal
amenities.dogs,amenities,demo_profile,ordinary,et,Kas koeraga võib tulla?,Koeraga võib tulla. Muud lemmiklooma tingimused vajavad eraldi kinnitamist.,,profile,,research_proposal
amenities.dogs,amenities,demo_profile,ordinary,en,Can I bring a dog?,Dogs are allowed. Other pet conditions need separate confirmation.,,profile,,research_proposal
amenities.dogs,amenities,demo_profile,ordinary,ru,Можно прийти с собакой?,С собакой можно. Остальные условия посещения с животными нужно уточнить отдельно.,,profile,,research_proposal
amenities.dress,amenities,staff_confirmation,ordinary,et,Kas teil on riietusreeglid?,Mul ei ole kinnitatud infot riietusreeglite kohta. Palun täpsustage seda restorani töötajaga.,amenities.dress_code,,,research_proposal
amenities.dress,amenities,staff_confirmation,ordinary,en,Do you have a dress code?,I don't have confirmed information about the dress code. Please check with the restaurant team.,amenities.dress_code,,,research_proposal
amenities.dress,amenities,staff_confirmation,ordinary,ru,У вас есть дресс-код?,У меня нет подтверждённой информации о дресс-коде. Уточните это у сотрудника ресторана.,amenities.dress_code,,,research_proposal
amenities.luggage,amenities,staff_confirmation,ordinary,et,Kas kohvri saab kuskile jätta?,Mul ei ole kinnitatud infot pagasi hoiustamise võimaluse kohta. Palun täpsustage seda restorani töötajaga.,amenities.luggage,,,research_proposal
amenities.luggage,amenities,staff_confirmation,ordinary,en,Can I leave a suitcase somewhere?,I don't have confirmed information about luggage storage. Please check with the restaurant team.,amenities.luggage,,,research_proposal
amenities.luggage,amenities,staff_confirmation,ordinary,ru,Можно где-нибудь оставить чемодан?,У меня нет подтверждённой информации о возможности оставить багаж. Уточните это у сотрудника ресторана.,amenities.luggage,,,research_proposal
amenities.music,amenities,staff_confirmation,ordinary,et,Kas õhtul on elav muusika?,Mul ei ole kinnitatud infot elava muusika programmi kohta. Palun täpsustage seda restorani töötajaga.,amenities.live_music,,,research_proposal
amenities.music,amenities,staff_confirmation,ordinary,en,Is there live music in the evening?,I don't have confirmed information about the live music programme. Please check with the restaurant team.,amenities.live_music,,,research_proposal
amenities.music,amenities,staff_confirmation,ordinary,ru,Вечером есть живая музыка?,У меня нет подтверждённой информации о программе живой музыки. Уточните это у сотрудника ресторана.,amenities.live_music,,,research_proposal
amenities.pet-leash,amenities,staff_confirmation,ordinary,et,Kas koer peab olema rihma otsas?,Mul ei ole kinnitatud infot koera rihma kasutamise reeglite kohta. Palun täpsustage seda restorani töötajaga.,amenities.dog_leash,,,research_proposal
amenities.pet-leash,amenities,staff_confirmation,ordinary,en,Must dogs be kept on a lead?,I don't have confirmed information about lead requirements for dogs. Please check with the restaurant team.,amenities.dog_leash,,,research_proposal
amenities.pet-leash,amenities,staff_confirmation,ordinary,ru,Собака должна быть на поводке?,У меня нет подтверждённой информации о требованиях к поводку для собак. Уточните это у сотрудника ресторана.,amenities.dog_leash,,,research_proposal
amenities.pet-other,amenities,staff_confirmation,ordinary,et,Kas kassiga võib tulla?,Mul ei ole kinnitatud infot teiste lemmikloomade vastuvõtmise kohta. Palun täpsustage seda restorani töötajaga.,amenities.other_pets,,,research_proposal
amenities.pet-other,amenities,staff_confirmation,ordinary,en,Can I bring a cat?,I don't have confirmed information about admitting pets other than dogs. Please check with the restaurant team.,amenities.other_pets,,,research_proposal
amenities.pet-other,amenities,staff_confirmation,ordinary,ru,Можно прийти с кошкой?,У меня нет подтверждённой информации о посещении с другими домашними животными. Уточните это у сотрудника ресторана.,amenities.other_pets,,,research_proposal
amenities.pet-size,amenities,staff_confirmation,ordinary,et,Kas suur koer on lubatud?,Mul ei ole kinnitatud infot koerte suurusega seotud tingimuste kohta. Palun täpsustage seda restorani töötajaga.,amenities.dog_size,,,research_proposal
amenities.pet-size,amenities,staff_confirmation,ordinary,en,Are large dogs allowed?,I don't have confirmed information about any size restrictions for dogs. Please check with the restaurant team.,amenities.dog_size,,,research_proposal
amenities.pet-size,amenities,staff_confirmation,ordinary,ru,Можно с большой собакой?,У меня нет подтверждённой информации об ограничениях по размеру собак. Уточните это у сотрудника ресторана.,amenities.dog_size,,,research_proposal
amenities.photo,amenities,staff_confirmation,ordinary,et,Kas restoranis võib pildistada?,Mul ei ole kinnitatud infot pildistamise reeglite kohta. Palun täpsustage seda restorani töötajaga.,amenities.photography,,,research_proposal
amenities.photo,amenities,staff_confirmation,ordinary,en,May I take photos in the restaurant?,I don't have confirmed information about the photography policy. Please check with the restaurant team.,amenities.photography,,,research_proposal
amenities.photo,amenities,staff_confirmation,ordinary,ru,Можно фотографировать в ресторане?,У меня нет подтверждённой информации о правилах фотографирования. Уточните это у сотрудника ресторана.,amenities.photography,,,research_proposal
amenities.private-space,amenities,staff_confirmation,ordinary,et,Kas teil on privaatne ruum?,Mul ei ole kinnitatud infot privaatse ruumi olemasolu kohta. Palun täpsustage seda restorani töötajaga.,amenities.private_space,,,research_proposal
amenities.private-space,amenities,staff_confirmation,ordinary,en,Do you have a private room?,I don't have confirmed information about a private room. Please check with the restaurant team.,amenities.private_space,,,research_proposal
amenities.private-space,amenities,staff_confirmation,ordinary,ru,У вас есть отдельный зал?,У меня нет подтверждённой информации о наличии отдельного зала. Уточните это у сотрудника ресторана.,amenities.private_space,,,research_proposal
amenities.screen,amenities,staff_confirmation,ordinary,et,Kas spordiülekandeid saab vaadata?,Mul ei ole kinnitatud infot spordiülekannete näitamise kohta. Palun täpsustage seda restorani töötajaga.,amenities.sports_screen,,,research_proposal
amenities.screen,amenities,staff_confirmation,ordinary,en,Can we watch live sports?,I don't have confirmed information about sports screenings. Please check with the restaurant team.,amenities.sports_screen,,,research_proposal
amenities.screen,amenities,staff_confirmation,ordinary,ru,Можно смотреть спортивные трансляции?,У меня нет подтверждённой информации о показе спортивных трансляций. Уточните это у сотрудника ресторана.,amenities.sports_screen,,,research_proposal
amenities.smoking,amenities,staff_confirmation,ordinary,et,Kas suitsetamiseks on eraldi koht?,Mul ei ole kinnitatud infot suitsetamisala kohta. Palun täpsustage seda restorani töötajaga.,amenities.smoking,,,research_proposal
amenities.smoking,amenities,staff_confirmation,ordinary,en,Is there a designated smoking area?,I don't have confirmed information about a designated smoking area. Please check with the restaurant team.,amenities.smoking,,,research_proposal
amenities.smoking,amenities,staff_confirmation,ordinary,ru,Есть отдельное место для курения?,У меня нет подтверждённой информации о месте для курения. Уточните это у сотрудника ресторана.,amenities.smoking,,,research_proposal
amenities.toilet,amenities,staff_confirmation,ordinary,et,Kus on tualett?,Mul ei ole kinnitatud infot tualeti täpse asukoha kohta. Palun täpsustage seda restorani töötajaga.,amenities.toilets,,,research_proposal
amenities.toilet,amenities,staff_confirmation,ordinary,en,Where is the toilet?,I don't have confirmed information about the toilet's exact location. Please check with the restaurant team.,amenities.toilets,,,research_proposal
amenities.toilet,amenities,staff_confirmation,ordinary,ru,Где туалет?,У меня нет подтверждённой информации о точном расположении туалета. Уточните это у сотрудника ресторана.,amenities.toilets,,,research_proposal
amenities.vaping,amenities,staff_confirmation,ordinary,et,Kas terrassil võib veipida?,Mul ei ole kinnitatud infot veipimise reeglite kohta. Palun täpsustage seda restorani töötajaga.,amenities.vaping,,,research_proposal
amenities.vaping,amenities,staff_confirmation,ordinary,en,Is vaping allowed on the terrace?,I don't have confirmed information about the vaping policy. Please check with the restaurant team.,amenities.vaping,,,research_proposal
amenities.vaping,amenities,staff_confirmation,ordinary,ru,На террасе можно пользоваться вейпом?,У меня нет подтверждённой информации о правилах использования вейпа. Уточните это у сотрудника ресторана.,amenities.vaping,,,research_proposal
amenities.water-bowl,amenities,staff_confirmation,ordinary,et,Kas koerale saab veekaussi?,Mul ei ole kinnitatud infot koera veekausi olemasolu kohta. Palun täpsustage seda restorani töötajaga.,amenities.pet_water,,,research_proposal
amenities.water-bowl,amenities,staff_confirmation,ordinary,en,Can I get a water bowl for my dog?,I don't have confirmed information about a water bowl for dogs. Please check with the restaurant team.,amenities.pet_water,,,research_proposal
amenities.water-bowl,amenities,staff_confirmation,ordinary,ru,Можно миску воды для собаки?,У меня нет подтверждённой информации о наличии миски воды для собак. Уточните это у сотрудника ресторана.,amenities.pet_water,,,research_proposal
amenities.wifi,amenities,staff_confirmation,ordinary,et,Kas teil on WiFi?,Mul ei ole kinnitatud infot WiFi olemasolu kohta. Palun täpsustage seda restorani töötajaga.,amenities.wifi,,,research_proposal
amenities.wifi,amenities,staff_confirmation,ordinary,en,Do you have Wi-Fi?,I don't have confirmed information about Wi-Fi availability. Please check with the restaurant team.,amenities.wifi,,,research_proposal
amenities.wifi,amenities,staff_confirmation,ordinary,ru,У вас есть Wi-Fi?,У меня нет подтверждённой информации о наличии Wi-Fi. Уточните это у сотрудника ресторана.,amenities.wifi,,,research_proposal
amenities.wifi-password,amenities,staff_confirmation,ordinary,et,Mis on WiFi parool?,Mul ei ole kinnitatud infot WiFi võrgu ja ligipääsu kohta. Palun täpsustage seda restorani töötajaga.,amenities.wifi_access,,,research_proposal
amenities.wifi-password,amenities,staff_confirmation,ordinary,en,What is the Wi-Fi password?,I don't have confirmed information about the Wi-Fi network and access details. Please check with the restaurant team.,amenities.wifi_access,,,research_proposal
amenities.wifi-password,amenities,staff_confirmation,ordinary,ru,Какой пароль от Wi-Fi?,У меня нет подтверждённой информации о сети Wi-Fi и доступе к ней. Уточните это у сотрудника ресторана.,amenities.wifi_access,,,research_proposal
amenities.work-laptop,amenities,staff_confirmation,ordinary,et,Kas sülearvutiga võib tööd teha?,Mul ei ole kinnitatud infot sülearvutiga töötamise tingimuste kohta. Palun täpsustage seda restorani töötajaga.,amenities.laptop_policy,,,research_proposal
amenities.work-laptop,amenities,staff_confirmation,ordinary,en,Can I work on a laptop while visiting?,I don't have confirmed information about conditions for working on a laptop. Please check with the restaurant team.,amenities.laptop_policy,,,research_proposal
amenities.work-laptop,amenities,staff_confirmation,ordinary,ru,Можно поработать за ноутбуком?,У меня нет подтверждённой информации об условиях работы за ноутбуком. Уточните это у сотрудника ресторана.,amenities.laptop_policy,,,research_proposal
booking.availability,booking,workflow_policy,ordinary,et,Kas täna õhtul on vaba laud?,Mis kell ja mitmele inimesele soovite tulla? Siis saab saadavust kontrollida.,,runtime,,research_proposal
booking.availability,booking,workflow_policy,ordinary,en,Is there a table available this evening?,"What time would you like to come, and how many guests? Then we can check availability.",,runtime,,research_proposal
booking.availability,booking,workflow_policy,ordinary,ru,Есть свободный столик сегодня вечером?,На какое время и сколько гостей? Тогда можно проверить наличие столика.,,runtime,,research_proposal
booking.cancel-help,booking,workflow_policy,ordinary,et,Kuidas broneeringut tühistada?,Selles demos saab tühistada ainult selle vestluse enda broneeringu pärast tühistamise kokkuvõtet ja kinnitust. Mujal tehtud broneeringu puhul palun pöörduge restorani poole.,,runtime,,research_proposal
booking.cancel-help,booking,workflow_policy,ordinary,en,How can I cancel a booking?,"This demo can cancel only a booking belonging to this conversation, after a cancellation summary and confirmation. For bookings made elsewhere, contact the restaurant.",,runtime,,research_proposal
booking.cancel-help,booking,workflow_policy,ordinary,ru,Как отменить бронь?,"В демоверсии можно отменить только бронь из этой беседы после сводки отмены и подтверждения. Если бронировали в другом месте, обратитесь в ресторан.",,runtime,,research_proposal
booking.change,booking,workflow_policy,ordinary,et,Kuidas broneeringut muuta?,Muudatus vajab uut saadavuse kontrolli. Praegust broneeringut ei tohi tühistada ega asendada ilma selge kinnituse ja süsteemi tulemuseta.,,runtime,,research_proposal
booking.change,booking,workflow_policy,ordinary,en,How can I change my booking?,A change needs a new availability check. The existing booking must not be cancelled or replaced without clear confirmation and a system result.,,runtime,,research_proposal
booking.change,booking,workflow_policy,ordinary,ru,Как изменить бронь?,Для изменения нужно снова проверить наличие столика. Текущую бронь нельзя отменять или заменять без явного подтверждения и результата системы.,,runtime,,research_proposal
booking.child-count,booking,demo_profile,ordinary,et,Kas lapsed lähevad inimeste arvu sisse?,Palun arvestage laste arv broneeringu inimeste arvu sisse.,,profile,,research_proposal
booking.child-count,booking,demo_profile,ordinary,en,Do children count in the party size?,Please include children in the total party size.,,profile,,research_proposal
booking.child-count,booking,demo_profile,ordinary,ru,Детей тоже учитывать в количестве гостей?,"Пожалуйста, включите детей в общее количество гостей.",,profile,,research_proposal
booking.consent,booking,workflow_policy,ordinary,et,Kas broneering on valmis juba enne minu kinnitust?,Broneeringu kinnitamiseks tuleb kõigepealt kokkuvõte läbi lugeda või kuulata ning seejärel selgelt kinnitada. Valmis broneeringut kinnitab süsteemi tulemus.,,runtime,,research_proposal
booking.consent,booking,workflow_policy,ordinary,en,Is the booking complete before I confirm it?,"First read or hear the booking summary, then give a clear confirmation. A completed booking is established by the system's result.",,runtime,,research_proposal
booking.consent,booking,workflow_policy,ordinary,ru,Бронь готова ещё до моего подтверждения?,"Сначала нужно прочитать или прослушать сводку брони, затем явно подтвердить её. Готовую бронь подтверждает результат системы.",,runtime,,research_proposal
booking.duration,booking,demo_profile,ordinary,et,Kui kaua saab lauda kasutada?,Selle demo tavabroneering kestab 90 minutit. Pikema külastuse peab töötajaga kokku leppima.,,profile,,research_proposal
booking.duration,booking,demo_profile,ordinary,en,How long can we use the table?,A standard booking in this demo lasts 90 minutes. Please agree a longer visit with the team.,,profile,,research_proposal
booking.duration,booking,demo_profile,ordinary,ru,На сколько времени можно занять столик?,Обычная бронь в демоверсии рассчитана на 90 минут. Более долгое посещение нужно согласовать с сотрудником.,,profile,,research_proposal
booking.fictional,booking,demo_profile,ordinary,et,Kas see on päris restorani broneering?,See on fiktiivse restorani demo. Siin tehtud broneering ei ole päris restorani tellimus.,,profile,,research_proposal
booking.fictional,booking,demo_profile,ordinary,en,Is this a real restaurant booking?,This is a fictional restaurant demo. A booking here is not an order with a real restaurant.,,profile,,research_proposal
booking.fictional,booking,demo_profile,ordinary,ru,Это бронь в настоящем ресторане?,Это демоверсия вымышленного ресторана. Бронь здесь не является заказом в настоящем ресторане.,,profile,,research_proposal
booking.future-window,booking,demo_profile,ordinary,et,Kui kaugele ette saab broneerida?,Selles demos saab aega otsida kuni 90 päeva ette. Lauda tuleb soovitud aja jaoks eraldi kontrollida.,,profile,,research_proposal
booking.future-window,booking,demo_profile,ordinary,en,How far ahead can I book?,This demo searches dates up to 90 days ahead. Table availability still needs to be checked for your chosen time.,,profile,,research_proposal
booking.future-window,booking,demo_profile,ordinary,ru,Насколько заранее можно бронировать?,В демоверсии можно искать даты на 90 дней вперёд. Наличие столика на выбранное время нужно проверить отдельно.,,profile,,research_proposal
booking.maximum,booking,demo_profile,ordinary,et,Kas kaheksale inimesele saab laua?,See demo broneerib kuni kuuele inimesele. Suurema seltskonna võimalused peab kinnitama restorani töötaja.,,profile,,research_proposal
booking.maximum,booking,demo_profile,ordinary,en,Can we book for eight people?,This demo books tables for up to six guests. A larger party needs confirmation from the restaurant team.,,profile,,research_proposal
booking.maximum,booking,demo_profile,ordinary,ru,Можно столик на восемь человек?,В демоверсии можно забронировать столик максимум на шесть гостей. Для большей компании нужно согласование с сотрудником ресторана.,,profile,,research_proposal
booking.other-person,booking,workflow_policy,ordinary,et,Kas saate kellegi teise broneeringut näidata?,Ma ei saa teiste inimeste broneeringuid näidata ega muuta.,,runtime,,research_proposal
booking.other-person,booking,workflow_policy,ordinary,en,Can you show me someone else's booking?,I can't show or change another person's bookings.,,runtime,,research_proposal
booking.other-person,booking,workflow_policy,ordinary,ru,Можете показать чужую бронь?,Я не могу показывать или изменять чужие брони.,,runtime,,research_proposal
booking.start,booking,workflow_policy,ordinary,et,Soovin lauda broneerida.,Mis kuupäeval soovite tulla?,,runtime,,research_proposal
booking.start,booking,workflow_policy,ordinary,en,I'd like to book a table.,What date would you like to come?,,runtime,,research_proposal
booking.start,booking,workflow_policy,ordinary,ru,Хочу забронировать столик.,На какую дату хотите забронировать столик?,,runtime,,research_proposal
drinks.beer,drinks,staff_confirmation,ordinary,et,Kas kraanist õlut on?,Mul ei ole kinnitatud infot vaadiõlle valiku kohta. Palun täpsustage seda restorani töötajaga.,drinks.beer,,operator-faq,research_proposal
drinks.beer,drinks,staff_confirmation,ordinary,en,Do you have draught beer?,I don't have confirmed information about the draught beer selection. Please check with the restaurant team.,drinks.beer,,operator-faq,research_proposal
drinks.beer,drinks,staff_confirmation,ordinary,ru,Есть разливное пиво?,У меня нет подтверждённой информации о выборе разливного пива. Уточните это у сотрудника ресторана.,drinks.beer,,operator-faq,research_proposal
drinks.bottled,drinks,staff_confirmation,ordinary,et,Kas on gaseerimata pudelivett?,Mul ei ole kinnitatud infot pudelivee valiku kohta. Palun täpsustage seda restorani töötajaga.,drinks.bottled_water,,operator-faq,research_proposal
drinks.bottled,drinks,staff_confirmation,ordinary,en,Do you have still bottled water?,I don't have confirmed information about the bottled water selection. Please check with the restaurant team.,drinks.bottled_water,,operator-faq,research_proposal
drinks.bottled,drinks,staff_confirmation,ordinary,ru,Есть негазированная вода в бутылках?,У меня нет подтверждённой информации о выборе воды в бутылках. Уточните это у сотрудника ресторана.,drinks.bottled_water,,operator-faq,research_proposal
drinks.bring-wine,drinks,staff_confirmation,ordinary,et,Kas oma veini võib kaasa võtta?,Mul ei ole kinnitatud infot oma veini ja korgitasu reeglite kohta. Palun täpsustage seda restorani töötajaga.,drinks.corkage,,operator-faq,research_proposal
drinks.bring-wine,drinks,staff_confirmation,ordinary,en,May I bring my own wine?,I don't have confirmed information about bringing wine and corkage rules. Please check with the restaurant team.,drinks.corkage,,operator-faq,research_proposal
drinks.bring-wine,drinks,staff_confirmation,ordinary,ru,Можно принести своё вино?,У меня нет подтверждённой информации о правилах своего вина и пробкового сбора. Уточните это у сотрудника ресторана.,drinks.corkage,,operator-faq,research_proposal
drinks.coffee,drinks,staff_confirmation,ordinary,et,Kas kohvi saab ka kaasa?,Mul ei ole kinnitatud infot kohvi kaasa tellimise võimaluse kohta. Palun täpsustage seda restorani töötajaga.,drinks.coffee,,operator-faq,research_proposal
drinks.coffee,drinks,staff_confirmation,ordinary,en,Can I get coffee to take away?,I don't have confirmed information about takeaway coffee. Please check with the restaurant team.,drinks.coffee,,operator-faq,research_proposal
drinks.coffee,drinks,staff_confirmation,ordinary,ru,Можно кофе с собой?,У меня нет подтверждённой информации о возможности заказать кофе с собой. Уточните это у сотрудника ресторана.,drinks.coffee,,operator-faq,research_proposal
drinks.decaf,drinks,staff_confirmation,ordinary,et,Kas kofeiinivaba kohvi on?,Mul ei ole kinnitatud infot kofeiinivaba kohvi kohta. Palun täpsustage seda restorani töötajaga.,drinks.decaf,,operator-faq,research_proposal
drinks.decaf,drinks,staff_confirmation,ordinary,en,Do you have decaf coffee?,I don't have confirmed information about decaf coffee. Please check with the restaurant team.,drinks.decaf,,operator-faq,research_proposal
drinks.decaf,drinks,staff_confirmation,ordinary,ru,Есть кофе без кофеина?,У меня нет подтверждённой информации о кофе без кофеина. Уточните это у сотрудника ресторана.,drinks.decaf,,operator-faq,research_proposal
drinks.drink-prices,drinks,staff_confirmation,ordinary,et,Kui palju joogid maksavad?,Mul ei ole kinnitatud infot joogihindade kohta. Palun täpsustage seda restorani töötajaga.,drinks.prices,,operator-faq,research_proposal
drinks.drink-prices,drinks,staff_confirmation,ordinary,en,How much do drinks cost?,I don't have confirmed information about drink prices. Please check with the restaurant team.,drinks.prices,,operator-faq,research_proposal
drinks.drink-prices,drinks,staff_confirmation,ordinary,ru,Сколько стоят напитки?,У меня нет подтверждённой информации о ценах на напитки. Уточните это у сотрудника ресторана.,drinks.prices,,operator-faq,research_proposal
drinks.juice,drinks,staff_confirmation,ordinary,et,Milliseid mahlu pakute?,Mul ei ole kinnitatud infot mahlavaliku kohta. Palun täpsustage seda restorani töötajaga.,drinks.juice,,operator-faq,research_proposal
drinks.juice,drinks,staff_confirmation,ordinary,en,What juices do you serve?,I don't have confirmed information about the juice selection. Please check with the restaurant team.,drinks.juice,,operator-faq,research_proposal
drinks.juice,drinks,staff_confirmation,ordinary,ru,Какие соки вы подаёте?,У меня нет подтверждённой информации о выборе соков. Уточните это у сотрудника ресторана.,drinks.juice,,operator-faq,research_proposal
drinks.nonalcoholic,drinks,staff_confirmation,ordinary,et,Kas on alkoholivabu kokteile?,Mul ei ole kinnitatud infot alkoholivabade kokteilide kohta. Palun täpsustage seda restorani töötajaga.,drinks.alcohol_free,,operator-faq,research_proposal
drinks.nonalcoholic,drinks,staff_confirmation,ordinary,en,Do you have alcohol free cocktails?,I don't have confirmed information about alcohol free cocktails. Please check with the restaurant team.,drinks.alcohol_free,,operator-faq,research_proposal
drinks.nonalcoholic,drinks,staff_confirmation,ordinary,ru,Есть безалкогольные коктейли?,У меня нет подтверждённой информации о безалкогольных коктейлях. Уточните это у сотрудника ресторана.,drinks.alcohol_free,,operator-faq,research_proposal
drinks.plant-milk,drinks,staff_confirmation,ordinary,et,Kas kohvile saab taimset piima?,Mul ei ole kinnitatud infot taimsete piimajookide valiku kohta. Palun täpsustage seda restorani töötajaga.,drinks.plant_milk,,operator-faq,research_proposal
drinks.plant-milk,drinks,staff_confirmation,ordinary,en,Do you have plant milk for coffee?,I don't have confirmed information about plant milk options for coffee. Please check with the restaurant team.,drinks.plant_milk,,operator-faq,research_proposal
drinks.plant-milk,drinks,staff_confirmation,ordinary,ru,Для кофе есть растительное молоко?,У меня нет подтверждённой информации о растительном молоке для кофе. Уточните это у сотрудника ресторана.,drinks.plant_milk,,operator-faq,research_proposal
drinks.tap-water,drinks,staff_confirmation,ordinary,et,Kas kraanivett saab tasuta?,Mul ei ole kinnitatud infot kraanivee pakkumise ja hinna kohta. Palun täpsustage seda restorani töötajaga.,drinks.tap_water,,operator-faq,research_proposal
drinks.tap-water,drinks,staff_confirmation,ordinary,en,Is tap water free?,I don't have confirmed information about tap water service and its price. Please check with the restaurant team.,drinks.tap_water,,operator-faq,research_proposal
drinks.tap-water,drinks,staff_confirmation,ordinary,ru,Вода из-под крана бесплатная?,У меня нет подтверждённой информации о подаче и стоимости воды из-под крана. Уточните это у сотрудника ресторана.,drinks.tap_water,,operator-faq,research_proposal
drinks.wine,drinks,staff_confirmation,ordinary,et,Millised veinid teil on?,Mul ei ole kinnitatud infot veinikaardi kohta. Palun täpsustage seda restorani töötajaga.,drinks.wine_list,,operator-faq,research_proposal
drinks.wine,drinks,staff_confirmation,ordinary,en,What wines do you offer?,I don't have confirmed information about the wine list. Please check with the restaurant team.,drinks.wine_list,,operator-faq,research_proposal
drinks.wine,drinks,staff_confirmation,ordinary,ru,Какие вина у вас есть?,У меня нет подтверждённой информации о винной карте. Уточните это у сотрудника ресторана.,drinks.wine_list,,operator-faq,research_proposal
drinks.wine-pair,drinks,staff_confirmation,ordinary,et,Kas saate roa juurde veini soovitada?,Mul ei ole kinnitatud infot kinnitatud veinivaliku ja sobituste kohta. Palun täpsustage seda restorani töötajaga.,drinks.pairing,,operator-faq,research_proposal
drinks.wine-pair,drinks,staff_confirmation,ordinary,en,Can you recommend a wine with my meal?,I don't have confirmed information about the verified wine selection and pairings. Please check with the restaurant team.,drinks.pairing,,operator-faq,research_proposal
drinks.wine-pair,drinks,staff_confirmation,ordinary,ru,Можете посоветовать вино к блюду?,У меня нет подтверждённой информации о подтверждённом выборе вин и сочетаниях с блюдами. Уточните это у сотрудника ресторана.,drinks.pairing,,operator-faq,research_proposal
emergency.breathing,emergency,urgent_guidance,urgent,et,"Lapsel on raske hingata, mida teha?",Helistage kohe 112 ja kutsuge lähedal olev töötaja appi. Ma ei saa teie eest hädaabikõnet teha.,,112,,research_proposal
emergency.breathing,emergency,urgent_guidance,urgent,en,My child is struggling to breathe. What should I do?,Call 112 immediately and ask a nearby member of staff for help. I can't make the emergency call for you.,,112,,research_proposal
emergency.breathing,emergency,urgent_guidance,urgent,ru,Ребёнку трудно дышать. Что делать?,Сразу позвоните 112 и позовите ближайшего сотрудника на помощь. Я не могу вызвать экстренную помощь за вас.,,112,,research_proposal
emergency.fire,emergency,urgent_guidance,urgent,et,Restoranis on tulekahju.,Helistage 112 ja järgige kohapealseid evakuatsioonijuhiseid. Ma ei saa hädaabi kutsumist kinnitada.,,112,,research_proposal
emergency.fire,emergency,urgent_guidance,urgent,en,There is a fire in the restaurant.,Call 112 and follow the evacuation instructions at the venue. I can't confirm that emergency services have been called.,,112,,research_proposal
emergency.fire,emergency,urgent_guidance,urgent,ru,В ресторане пожар.,"Позвоните 112 и следуйте указаниям по эвакуации на месте. Я не могу подтвердить, что экстренная помощь уже вызвана.",,112,,research_proposal
emergency.threat,emergency,urgent_guidance,urgent,et,Keegi ähvardab siin inimesi.,"Kui inimesed on ohus, helistage 112 ja kutsuge töötaja appi. Ma ei saa politseid teie eest kutsuda.",,112,,research_proposal
emergency.threat,emergency,urgent_guidance,urgent,en,Someone is threatening people here.,"If people are in danger, call 112 and alert a member of staff. I can't call the police for you.",,112,,research_proposal
emergency.threat,emergency,urgent_guidance,urgent,ru,Здесь кто-то угрожает людям.,"Если людям угрожает опасность, позвоните 112 и сообщите сотруднику. Я не могу вызвать полицию за вас.",,112,,research_proposal
emergency.unconscious,emergency,urgent_guidance,urgent,et,Keegi kaotas teadvuse.,Helistage kohe 112 ja kutsuge lähedal olev töötaja appi. Ma ei saa teie eest hädaabikõnet teha.,,112,,research_proposal
emergency.unconscious,emergency,urgent_guidance,urgent,en,Someone has lost consciousness.,Call 112 immediately and ask a nearby member of staff for help. I can't make the emergency call for you.,,112,,research_proposal
emergency.unconscious,emergency,urgent_guidance,urgent,ru,Человек потерял сознание.,Сразу позвоните 112 и позовите ближайшего сотрудника на помощь. Я не могу вызвать экстренную помощь за вас.,,112,,research_proposal
events.birthday,events,staff_confirmation,ordinary,et,Kas sünnipäeva saab teie juures pidada?,Mul ei ole kinnitatud infot sünnipäevapeo korraldamise kohta. Palun täpsustage seda restorani töötajaga.,events.birthdays,,operator-faq,research_proposal
events.birthday,events,staff_confirmation,ordinary,en,Can I celebrate a birthday at your restaurant?,I don't have confirmed information about birthday arrangements. Please check with the restaurant team.,events.birthdays,,operator-faq,research_proposal
events.birthday,events,staff_confirmation,ordinary,ru,У вас можно отметить день рождения?,У меня нет подтверждённой информации об организации дня рождения. Уточните это у сотрудника ресторана.,events.birthdays,,operator-faq,research_proposal
events.cake,events,staff_confirmation,ordinary,et,Kas oma tordi võib kaasa võtta?,Mul ei ole kinnitatud infot oma tordi kaasa võtmise reeglite kohta. Palun täpsustage seda restorani töötajaga.,events.outside_cake,,operator-faq,research_proposal
events.cake,events,staff_confirmation,ordinary,en,May I bring a birthday cake?,I don't have confirmed information about bringing an outside cake. Please check with the restaurant team.,events.outside_cake,,operator-faq,research_proposal
events.cake,events,staff_confirmation,ordinary,ru,Можно принести свой торт?,У меня нет подтверждённой информации о правилах своего торта. Уточните это у сотрудника ресторана.,events.outside_cake,,operator-faq,research_proposal
events.cake-fee,events,staff_confirmation,ordinary,et,Kas tordi serveerimisel on lisatasu?,Mul ei ole kinnitatud infot tordi serveerimise tasu kohta. Palun täpsustage seda restorani töötajaga.,events.cake_fee,,operator-faq,research_proposal
events.cake-fee,events,staff_confirmation,ordinary,en,Is there a cake serving fee?,I don't have confirmed information about cake serving fees. Please check with the restaurant team.,events.cake_fee,,operator-faq,research_proposal
events.cake-fee,events,staff_confirmation,ordinary,ru,Есть плата за подачу своего торта?,У меня нет подтверждённой информации о плате за подачу торта. Уточните это у сотрудника ресторана.,events.cake_fee,,operator-faq,research_proposal
events.cake-storage,events,staff_confirmation,ordinary,et,Kas torti saab enne pidu külmikus hoida?,Mul ei ole kinnitatud infot tordi hoiustamise võimaluse kohta. Palun täpsustage seda restorani töötajaga.,events.cake_storage,,operator-faq,research_proposal
events.cake-storage,events,staff_confirmation,ordinary,en,Can you refrigerate a cake before the party?,I don't have confirmed information about refrigerating a cake before an event. Please check with the restaurant team.,events.cake_storage,,operator-faq,research_proposal
events.cake-storage,events,staff_confirmation,ordinary,ru,Можно оставить торт в холодильнике до праздника?,У меня нет подтверждённой информации о возможности хранить торт в холодильнике до праздника. Уточните это у сотрудника ресторана.,events.cake_storage,,operator-faq,research_proposal
events.candles,events,staff_confirmation,ordinary,et,Kas tordiküünlaid võib kasutada?,Mul ei ole kinnitatud infot küünalde kasutamise reeglite kohta. Palun täpsustage seda restorani töötajaga.,events.candles,,operator-faq,research_proposal
events.candles,events,staff_confirmation,ordinary,en,Are birthday candles allowed?,I don't have confirmed information about birthday candle rules. Please check with the restaurant team.,events.candles,,operator-faq,research_proposal
events.candles,events,staff_confirmation,ordinary,ru,Можно зажечь свечи на торте?,У меня нет подтверждённой информации о правилах использования свечей на торте. Уточните это у сотрудника ресторана.,events.candles,,operator-faq,research_proposal
events.capacity,events,staff_confirmation,ordinary,et,Mitu inimest mahub erapeole?,Mul ei ole kinnitatud infot ürituste kinnitatud mahutavuse kohta. Palun täpsustage seda restorani töötajaga.,events.capacity,,operator-faq,research_proposal
events.capacity,events,staff_confirmation,ordinary,en,How many people can attend a private event?,I don't have confirmed information about verified event capacity. Please check with the restaurant team.,events.capacity,,operator-faq,research_proposal
events.capacity,events,staff_confirmation,ordinary,ru,Сколько человек помещается на частном мероприятии?,У меня нет подтверждённой информации о подтверждённой вместимости для мероприятий. Уточните это у сотрудника ресторана.,events.capacity,,operator-faq,research_proposal
events.catering,events,staff_confirmation,ordinary,et,Kas pakute toitlustust väljaspool restorani?,Mul ei ole kinnitatud infot välise toitlustuse võimaluse kohta. Palun täpsustage seda restorani töötajaga.,events.catering,,operator-faq,research_proposal
events.catering,events,staff_confirmation,ordinary,en,Do you offer catering outside the restaurant?,I don't have confirmed information about off-site catering. Please check with the restaurant team.,events.catering,,operator-faq,research_proposal
events.catering,events,staff_confirmation,ordinary,ru,Вы предлагаете выездное обслуживание?,У меня нет подтверждённой информации о возможности выездного обслуживания. Уточните это у сотрудника ресторана.,events.catering,,operator-faq,research_proposal
events.corporate,events,staff_confirmation,ordinary,et,Kas firmapeo jaoks saab pakkumise?,Mul ei ole kinnitatud infot firmapeo pakkumise koostamise kohta. Palun täpsustage seda restorani töötajaga.,events.corporate,,operator-faq,research_proposal
events.corporate,events,staff_confirmation,ordinary,en,Can I get a quote for a company event?,I don't have confirmed information about a quote for a company event. Please check with the restaurant team.,events.corporate,,operator-faq,research_proposal
events.corporate,events,staff_confirmation,ordinary,ru,Можно предложение для корпоративного мероприятия?,У меня нет подтверждённой информации о подготовке предложения для корпоративного мероприятия. Уточните это у сотрудника ресторана.,events.corporate,,operator-faq,research_proposal
events.decor,events,staff_confirmation,ordinary,et,Kas lauda võib õhupallidega kaunistada?,Mul ei ole kinnitatud infot lauakaunistuste lubamise kohta. Palun täpsustage seda restorani töötajaga.,events.decorations,,operator-faq,research_proposal
events.decor,events,staff_confirmation,ordinary,en,Can we decorate the table with balloons?,I don't have confirmed information about table decorations. Please check with the restaurant team.,events.decorations,,operator-faq,research_proposal
events.decor,events,staff_confirmation,ordinary,ru,Можно украсить стол воздушными шарами?,У меня нет подтверждённой информации о разрешении украшать стол. Уточните это у сотрудника ресторана.,events.decorations,,operator-faq,research_proposal
events.event-end,events,staff_confirmation,ordinary,et,Mis kell pidu peab lõppema?,Mul ei ole kinnitatud infot ürituse lõpuaja kokkuleppe kohta. Palun täpsustage seda restorani töötajaga.,events.end_time,,operator-faq,research_proposal
events.event-end,events,staff_confirmation,ordinary,en,What time must an event finish?,I don't have confirmed information about event finishing times. Please check with the restaurant team.,events.end_time,,operator-faq,research_proposal
events.event-end,events,staff_confirmation,ordinary,ru,Во сколько мероприятие должно закончиться?,У меня нет подтверждённой информации о согласовании времени окончания мероприятия. Уточните это у сотрудника ресторана.,events.end_time,,operator-faq,research_proposal
events.flowers,events,staff_confirmation,ordinary,et,Kas lillede jaoks saab vaasi?,Mul ei ole kinnitatud infot lillevaaside olemasolu kohta. Palun täpsustage seda restorani töötajaga.,events.flowers,,operator-faq,research_proposal
events.flowers,events,staff_confirmation,ordinary,en,Can we get a vase for flowers?,I don't have confirmed information about vases for flowers. Please check with the restaurant team.,events.flowers,,operator-faq,research_proposal
events.flowers,events,staff_confirmation,ordinary,ru,Можно вазу для цветов?,У меня нет подтверждённой информации о наличии ваз для цветов. Уточните это у сотрудника ресторана.,events.flowers,,operator-faq,research_proposal
events.group-menu,events,staff_confirmation,ordinary,et,Kas gruppidele on eraldi menüü?,Mul ei ole kinnitatud infot grupimenüü kohta. Palun täpsustage seda restorani töötajaga.,events.group_menu,,operator-faq,research_proposal
events.group-menu,events,staff_confirmation,ordinary,en,Do you have a group menu?,I don't have confirmed information about a group menu. Please check with the restaurant team.,events.group_menu,,operator-faq,research_proposal
events.group-menu,events,staff_confirmation,ordinary,ru,Есть отдельное меню для групп?,У меня нет подтверждённой информации о меню для групп. Уточните это у сотрудника ресторана.,events.group_menu,,operator-faq,research_proposal
events.own-music,events,staff_confirmation,ordinary,et,Kas peol võib oma muusikat lasta?,Mul ei ole kinnitatud infot üritusel oma muusika mängimise kohta. Palun täpsustage seda restorani töötajaga.,events.music,,operator-faq,research_proposal
events.own-music,events,staff_confirmation,ordinary,en,May we play our own music at an event?,I don't have confirmed information about playing your own music at an event. Please check with the restaurant team.,events.music,,operator-faq,research_proposal
events.own-music,events,staff_confirmation,ordinary,ru,На празднике можно включить свою музыку?,У меня нет подтверждённой информации о возможности включить свою музыку на мероприятии. Уточните это у сотрудника ресторана.,events.music,,operator-faq,research_proposal
events.private-hire,events,staff_confirmation,ordinary,et,Kas kogu restorani saab erapeoks rentida?,Mul ei ole kinnitatud infot kogu restorani rentimise tingimuste kohta. Palun täpsustage seda restorani töötajaga.,events.private_hire,,operator-faq,research_proposal
events.private-hire,events,staff_confirmation,ordinary,en,Can I hire the whole restaurant for a private event?,I don't have confirmed information about hiring the whole restaurant. Please check with the restaurant team.,events.private_hire,,operator-faq,research_proposal
events.private-hire,events,staff_confirmation,ordinary,ru,Можно арендовать весь ресторан для праздника?,У меня нет подтверждённой информации об условиях аренды всего ресторана. Уточните это у сотрудника ресторана.,events.private_hire,,operator-faq,research_proposal
events.projector,events,staff_confirmation,ordinary,et,Kas esitluse jaoks on projektor?,Mul ei ole kinnitatud infot esitlustehnika olemasolu kohta. Palun täpsustage seda restorani töötajaga.,events.presentation_equipment,,operator-faq,research_proposal
events.projector,events,staff_confirmation,ordinary,en,Do you have a projector for presentations?,I don't have confirmed information about presentation equipment. Please check with the restaurant team.,events.presentation_equipment,,operator-faq,research_proposal
events.projector,events,staff_confirmation,ordinary,ru,Есть проектор для презентации?,У меня нет подтверждённой информации о наличии оборудования для презентаций. Уточните это у сотрудника ресторана.,events.presentation_equipment,,operator-faq,research_proposal
events.setup,events,staff_confirmation,ordinary,et,Kas kaunistamiseks saab varem sisse?,Mul ei ole kinnitatud infot ürituse ettevalmistuseks varasema ligipääsu kohta. Palun täpsustage seda restorani töötajaga.,events.setup_time,,operator-faq,research_proposal
events.setup,events,staff_confirmation,ordinary,en,Can we arrive early to decorate?,I don't have confirmed information about early access to set up an event. Please check with the restaurant team.,events.setup_time,,operator-faq,research_proposal
events.setup,events,staff_confirmation,ordinary,ru,"Можно прийти раньше, чтобы украсить зал?",У меня нет подтверждённой информации о раннем доступе для подготовки мероприятия. Уточните это у сотрудника ресторана.,events.setup_time,,operator-faq,research_proposal
events.surprise,events,staff_confirmation,ordinary,et,Kas saate sünnipäevalapsele üllatuse korraldada?,Mul ei ole kinnitatud infot sünnipäevaüllatuse korraldamise kohta. Palun täpsustage seda restorani töötajaga.,events.surprise,,operator-faq,research_proposal
events.surprise,events,staff_confirmation,ordinary,en,Can you arrange a birthday surprise?,I don't have confirmed information about arranging a birthday surprise. Please check with the restaurant team.,events.surprise,,operator-faq,research_proposal
events.surprise,events,staff_confirmation,ordinary,ru,Можете организовать сюрприз имениннику?,У меня нет подтверждённой информации об организации сюрприза на день рождения. Уточните это у сотрудника ресторана.,events.surprise,,operator-faq,research_proposal
events.wedding,events,staff_confirmation,ordinary,et,Kas pulmalõunat saab korraldada?,Mul ei ole kinnitatud infot pulmalõuna korraldamise kohta. Palun täpsustage seda restorani töötajaga.,events.weddings,,operator-faq,research_proposal
events.wedding,events,staff_confirmation,ordinary,en,Can you host a wedding lunch?,I don't have confirmed information about wedding lunch arrangements. Please check with the restaurant team.,events.weddings,,operator-faq,research_proposal
events.wedding,events,staff_confirmation,ordinary,ru,Можно устроить свадебный обед?,У меня нет подтверждённой информации об организации свадебного обеда. Уточните это у сотрудника ресторана.,events.weddings,,operator-faq,research_proposal
family.activities,family,owner_confirmed,ordinary,et,Mida laps saab lauda oodates teha?,"Lastele on olemas joonistamisvõimalus, mänguasjad, mängunurk ja lastemenüü.",,owner-family,,research_proposal
family.activities,family,owner_confirmed,ordinary,en,What can children do while waiting for a table?,"For children, we have drawing activities, toys, a play corner and a children's menu.",,owner-family,,research_proposal
family.activities,family,owner_confirmed,ordinary,ru,"Чем дети могут заняться, пока ждут столик?","Для детей есть возможность порисовать, игрушки, игровой уголок и детское меню.",,owner-family,,research_proposal
family.baby-food,family,staff_confirmation,ordinary,et,Kas teil on beebipüreed?,Mul ei ole kinnitatud infot beebipüree valiku kohta. Palun täpsustage seda restorani töötajaga.,family.baby_food,,tourism-family; family-label; operator-family,research_proposal
family.baby-food,family,staff_confirmation,ordinary,en,Do you serve baby purée?,I don't have confirmed information about baby purée options. Please check with the restaurant team.,family.baby_food,,tourism-family; family-label; operator-family,research_proposal
family.baby-food,family,staff_confirmation,ordinary,ru,У вас есть детское пюре для малышей?,У меня нет подтверждённой информации о наличии пюре для малышей. Уточните это у сотрудника ресторана.,family.baby_food,,tourism-family; family-label; operator-family,research_proposal
family.baby-warm,family,staff_confirmation,ordinary,et,Kas saate beebitoitu soojendada?,Mul ei ole kinnitatud infot beebitoidu soojendamise võimaluse kohta. Palun täpsustage seda restorani töötajaga.,family.baby_food_heating,,tourism-family; family-label; operator-family,research_proposal
family.baby-warm,family,staff_confirmation,ordinary,en,Can you warm up baby food?,I don't have confirmed information about warming baby food. Please check with the restaurant team.,family.baby_food_heating,,tourism-family; family-label; operator-family,research_proposal
family.baby-warm,family,staff_confirmation,ordinary,ru,Можете подогреть детское питание?,У меня нет подтверждённой информации о возможности подогреть детское питание. Уточните это у сотрудника ресторана.,family.baby_food_heating,,tourism-family; family-label; operator-family,research_proposal
family.booster,family,staff_confirmation,ordinary,et,Kas vanemale lapsele on istmekõrgendus?,Mul ei ole kinnitatud infot istmekõrgenduste olemasolu kohta. Palun täpsustage seda restorani töötajaga.,family.booster_seats,,tourism-family; family-label; operator-family,research_proposal
family.booster,family,staff_confirmation,ordinary,en,Do you have booster seats for older children?,I don't have confirmed information about booster seats for older children. Please check with the restaurant team.,family.booster_seats,,tourism-family; family-label; operator-family,research_proposal
family.booster,family,staff_confirmation,ordinary,ru,Есть ли сиденья-подушки для детей постарше?,У меня нет подтверждённой информации о сиденьях-подушках для детей постарше. Уточните это у сотрудника ресторана.,family.booster_seats,,tourism-family; family-label; operator-family,research_proposal
family.breastfeed,family,staff_confirmation,ordinary,et,Kas imetamiseks on vaikne koht?,Mul ei ole kinnitatud infot vaikse imetamiskoha olemasolu kohta. Palun täpsustage seda restorani töötajaga.,family.feeding_space,,tourism-family; family-label; operator-family,research_proposal
family.breastfeed,family,staff_confirmation,ordinary,en,Is there a quiet place for breastfeeding?,I don't have confirmed information about a quiet place for breastfeeding. Please check with the restaurant team.,family.feeding_space,,tourism-family; family-label; operator-family,research_proposal
family.breastfeed,family,staff_confirmation,ordinary,ru,Есть ли тихое место для кормления грудью?,У меня нет подтверждённой информации о наличии тихого места для кормления грудью. Уточните это у сотрудника ресторана.,family.feeding_space,,tourism-family; family-label; operator-family,research_proposal
family.changing,family,staff_confirmation,ordinary,et,Kas tualetis on mähkimislaud?,Mul ei ole kinnitatud infot mähkimislaua olemasolu kohta. Palun täpsustage seda restorani töötajaga.,family.changing_table,,tourism-family; family-label; operator-family,research_proposal
family.changing,family,staff_confirmation,ordinary,en,Is there a baby changing table in the toilet?,I don't have confirmed information about a baby changing table. Please check with the restaurant team.,family.changing_table,,tourism-family; family-label; operator-family,research_proposal
family.changing,family,staff_confirmation,ordinary,ru,В туалете есть пеленальный столик?,У меня нет подтверждённой информации о наличии пеленального столика. Уточните это у сотрудника ресторана.,family.changing_table,,tourism-family; family-label; operator-family,research_proposal
family.child-age,family,staff_confirmation,ordinary,et,Mis vanuses lastele mängunurk sobib?,Mängunurk on olemas. Mul ei ole kinnitatud infot mängunurga vanusepiirangute kohta. Palun täpsustage seda restorani töötajaga.,family.play_age_limits,owner-family,tourism-family; family-label; operator-family,research_proposal
family.child-age,family,staff_confirmation,ordinary,en,What ages is the play corner suitable for?,A play corner is available. I don't have confirmed information about the play corner's age limits. Please check with the restaurant team.,family.play_age_limits,owner-family,tourism-family; family-label; operator-family,research_proposal
family.child-age,family,staff_confirmation,ordinary,ru,Для какого возраста подходит игровой уголок?,Игровой уголок есть. У меня нет подтверждённой информации о возрастных ограничениях игрового уголка. Уточните это у сотрудника ресторана.,family.play_age_limits,owner-family,tourism-family; family-label; operator-family,research_proposal
family.child-first,family,staff_confirmation,ordinary,et,Kas lapse toit saab tulla enne meie toitu?,Mul ei ole kinnitatud infot lapse toidu varem serveerimise kohta. Palun täpsustage seda restorani töötajaga.,family.serve_children_first,,tourism-family; family-label; operator-family,research_proposal
family.child-first,family,staff_confirmation,ordinary,en,Can my child's food come before ours?,I don't have confirmed information about serving a child's meal first. Please check with the restaurant team.,family.serve_children_first,,tourism-family; family-label; operator-family,research_proposal
family.child-first,family,staff_confirmation,ordinary,ru,Можно принести еду ребёнку раньше нашей?,У меня нет подтверждённой информации о возможности принести еду ребёнку раньше. Уточните это у сотрудника ресторана.,family.serve_children_first,,tourism-family; family-label; operator-family,research_proposal
family.child-menu-age,family,staff_confirmation,ordinary,et,Kas lastemenüüd võib tellida ka täiskasvanu?,Lastemenüü on olemas. Mul ei ole kinnitatud infot lastemenüü tellimise vanusereeglite kohta. Palun täpsustage seda restorani töötajaga.,family.children_menu_age,owner-family,tourism-family; family-label; operator-family,research_proposal
family.child-menu-age,family,staff_confirmation,ordinary,en,Can an adult order from the children's menu?,A children's menu is available. I don't have confirmed information about age rules for ordering from the children's menu. Please check with the restaurant team.,family.children_menu_age,owner-family,tourism-family; family-label; operator-family,research_proposal
family.child-menu-age,family,staff_confirmation,ordinary,ru,Взрослый может заказать из детского меню?,Детское меню есть. У меня нет подтверждённой информации о возрастных правилах заказа из детского меню. Уточните это у сотрудника ресторана.,family.children_menu_age,owner-family,tourism-family; family-label; operator-family,research_proposal
family.child-menu-items,family,staff_confirmation,ordinary,et,Mis road lastemenüüs on?,Lastemenüü on olemas. Mul ei ole kinnitatud infot lastemenüü roogade täpse valiku kohta. Palun täpsustage seda restorani töötajaga.,family.children_menu_items,owner-family,tourism-family; family-label; operator-family,research_proposal
family.child-menu-items,family,staff_confirmation,ordinary,en,What dishes are on the children's menu?,A children's menu is available. I don't have confirmed information about the exact dishes on the children's menu. Please check with the restaurant team.,family.children_menu_items,owner-family,tourism-family; family-label; operator-family,research_proposal
family.child-menu-items,family,staff_confirmation,ordinary,ru,Какие блюда есть в детском меню?,Детское меню есть. У меня нет подтверждённой информации о точном составе детского меню. Уточните это у сотрудника ресторана.,family.children_menu_items,owner-family,tourism-family; family-label; operator-family,research_proposal
family.child-menu-price,family,staff_confirmation,ordinary,et,Kui palju lastemenüü road maksavad?,Lastemenüü on olemas. Mul ei ole kinnitatud infot lastemenüü hindade kohta. Palun täpsustage seda restorani töötajaga.,family.children_menu_prices,owner-family,tourism-family; family-label; operator-family,research_proposal
family.child-menu-price,family,staff_confirmation,ordinary,en,How much are the children's meals?,A children's menu is available. I don't have confirmed information about children's menu prices. Please check with the restaurant team.,family.children_menu_prices,owner-family,tourism-family; family-label; operator-family,research_proposal
family.child-menu-price,family,staff_confirmation,ordinary,ru,Сколько стоят блюда из детского меню?,Детское меню есть. У меня нет подтверждённой информации о ценах на блюда из детского меню. Уточните это у сотрудника ресторана.,family.children_menu_prices,owner-family,tourism-family; family-label; operator-family,research_proposal
family.child-portion,family,staff_confirmation,ordinary,et,Kas laps saab väiksema portsjoni?,Mul ei ole kinnitatud infot väiksemate portsjonite võimaluse kohta. Palun täpsustage seda restorani töötajaga.,family.small_portions,,tourism-family; family-label; operator-family,research_proposal
family.child-portion,family,staff_confirmation,ordinary,en,Can my child have a smaller portion?,I don't have confirmed information about smaller portions for children. Please check with the restaurant team.,family.small_portions,,tourism-family; family-label; operator-family,research_proposal
family.child-portion,family,staff_confirmation,ordinary,ru,Можно ребёнку заказать порцию поменьше?,У меня нет подтверждённой информации о возможности заказать ребёнку меньшую порцию. Уточните это у сотрудника ресторана.,family.small_portions,,tourism-family; family-label; operator-family,research_proposal
family.child-wait,family,staff_confirmation,ordinary,et,Kui kaua lastemenüü toidu ootamine võtab?,Mul ei ole kinnitatud infot lastemenüü toitude praeguse ooteaja kohta. Palun täpsustage seda restorani töötajaga.,family.child_wait_time,,tourism-family; family-label; operator-family,research_proposal
family.child-wait,family,staff_confirmation,ordinary,en,How long do meals from the children's menu take?,I don't have confirmed information about the current wait for children's meals. Please check with the restaurant team.,family.child_wait_time,,tourism-family; family-label; operator-family,research_proposal
family.child-wait,family,staff_confirmation,ordinary,ru,Сколько ждать блюда из детского меню?,У меня нет подтверждённой информации о текущем времени ожидания блюд из детского меню. Уточните это у сотрудника ресторана.,family.child_wait_time,,tourism-family; family-label; operator-family,research_proposal
family.draw-home,family,staff_confirmation,ordinary,et,Kas laps võib joonistuse koju kaasa võtta?,Joonistamisvõimalus on olemas. Mul ei ole kinnitatud infot joonistuse kaasa võtmise tingimuste kohta. Palun täpsustage seda restorani töötajaga.,family.drawing_take_home,owner-family,tourism-family; family-label; operator-family,research_proposal
family.draw-home,family,staff_confirmation,ordinary,en,Can my child take the drawing home?,Drawing activities are available. I don't have confirmed information about taking children's drawings home. Please check with the restaurant team.,family.drawing_take_home,owner-family,tourism-family; family-label; operator-family,research_proposal
family.draw-home,family,staff_confirmation,ordinary,ru,Ребёнок может забрать рисунок домой?,"Возможность порисовать есть. У меня нет подтверждённой информации об условиях, на которых можно забрать рисунок домой. Уточните это у сотрудника ресторана.",family.drawing_take_home,owner-family,tourism-family; family-label; operator-family,research_proposal
family.draw-materials,family,staff_confirmation,ordinary,et,Kas joonistamiseks on pliiatsid või kriidid?,Joonistamisvõimalus on olemas. Mul ei ole kinnitatud infot joonistamisvahendite täpse valiku kohta. Palun täpsustage seda restorani töötajaga.,family.drawing_materials,owner-family,tourism-family; family-label; operator-family,research_proposal
family.draw-materials,family,staff_confirmation,ordinary,en,Do you provide pencils or crayons for drawing?,Drawing activities are available. I don't have confirmed information about the specific drawing materials provided. Please check with the restaurant team.,family.drawing_materials,owner-family,tourism-family; family-label; operator-family,research_proposal
family.draw-materials,family,staff_confirmation,ordinary,ru,Для рисования есть карандаши или мелки?,"Возможность порисовать есть. У меня нет подтверждённой информации о том, какие материалы есть для рисования. Уточните это у сотрудника ресторана.",family.drawing_materials,owner-family,tourism-family; family-label; operator-family,research_proposal
family.drawing,family,owner_confirmed,ordinary,et,Kas laps saab teie juures joonistada?,"Lastele on olemas joonistamisvõimalus, mänguasjad, mängunurk ja lastemenüü.",,owner-family,,research_proposal
family.drawing,family,owner_confirmed,ordinary,en,Can my child draw while we visit?,"For children, we have drawing activities, toys, a play corner and a children's menu.",,owner-family,,research_proposal
family.drawing,family,owner_confirmed,ordinary,ru,Ребёнок может порисовать у вас?,"Для детей есть возможность порисовать, игрушки, игровой уголок и детское меню.",,owner-family,,research_proposal
family.family-label,family,staff_confirmation,ordinary,et,Kas teil on peresõbraliku restorani märgis?,Mul ei ole kinnitatud infot ametliku peresõbralikkuse märgise kohta. Palun täpsustage seda restorani töötajaga.,family.certification,,tourism-family; family-label; operator-family,research_proposal
family.family-label,family,staff_confirmation,ordinary,en,Do you have a family friendly restaurant certification?,I don't have confirmed information about an official family friendly certification. Please check with the restaurant team.,family.certification,,tourism-family; family-label; operator-family,research_proposal
family.family-label,family,staff_confirmation,ordinary,ru,У вас есть официальная отметка семейного ресторана?,У меня нет подтверждённой информации об официальной отметке семейного ресторана. Уточните это у сотрудника ресторана.,family.certification,,tourism-family; family-label; operator-family,research_proposal
family.highchair,family,staff_confirmation,ordinary,et,Kas teil on lastetoole?,Mul ei ole kinnitatud infot lastetoolide olemasolu kohta. Palun täpsustage seda restorani töötajaga.,family.highchairs,,tourism-family; family-label; operator-family,research_proposal
family.highchair,family,staff_confirmation,ordinary,en,Do you have highchairs?,I don't have confirmed information about the availability of highchairs. Please check with the restaurant team.,family.highchairs,,tourism-family; family-label; operator-family,research_proposal
family.highchair,family,staff_confirmation,ordinary,ru,У вас есть детские стульчики?,У меня нет подтверждённой информации о наличии детских стульчиков. Уточните это у сотрудника ресторана.,family.highchairs,,tourism-family; family-label; operator-family,research_proposal
family.highchair-reserve,family,staff_confirmation,ordinary,et,Kas lastetooli saab ette broneerida?,Mul ei ole kinnitatud infot lastetooli ette broneerimise kohta. Palun täpsustage seda restorani töötajaga.,family.highchair_reservation,,tourism-family; family-label; operator-family,research_proposal
family.highchair-reserve,family,staff_confirmation,ordinary,en,Can I reserve a highchair?,I don't have confirmed information about reserving a highchair. Please check with the restaurant team.,family.highchair_reservation,,tourism-family; family-label; operator-family,research_proposal
family.highchair-reserve,family,staff_confirmation,ordinary,ru,Можно заранее забронировать детский стульчик?,У меня нет подтверждённой информации о бронировании детского стульчика. Уточните это у сотрудника ресторана.,family.highchair_reservation,,tourism-family; family-label; operator-family,research_proposal
family.menu,family,owner_confirmed,ordinary,et,Kas teil on lastemenüü?,"Lastele on olemas joonistamisvõimalus, mänguasjad, mängunurk ja lastemenüü.",,owner-family,,research_proposal
family.menu,family,owner_confirmed,ordinary,en,Do you have a children's menu?,"For children, we have drawing activities, toys, a play corner and a children's menu.",,owner-family,,research_proposal
family.menu,family,owner_confirmed,ordinary,ru,У вас есть детское меню?,"Для детей есть возможность порисовать, игрушки, игровой уголок и детское меню.",,owner-family,,research_proposal
family.play,family,owner_confirmed,ordinary,et,Kas mängunurk on olemas?,"Lastele on olemas joonistamisvõimalus, mänguasjad, mängunurk ja lastemenüü.",,owner-family,,research_proposal
family.play,family,owner_confirmed,ordinary,en,Is there a play corner?,"For children, we have drawing activities, toys, a play corner and a children's menu.",,owner-family,,research_proposal
family.play,family,owner_confirmed,ordinary,ru,Есть игровой уголок?,"Для детей есть возможность порисовать, игрушки, игровой уголок и детское меню.",,owner-family,,research_proposal
family.play-clean,family,staff_confirmation,ordinary,et,Kui tihti mänguasju puhastatakse?,Mängunurk on olemas. Mul ei ole kinnitatud infot mänguasjade puhastamise korra kohta. Palun täpsustage seda restorani töötajaga.,family.play_cleaning,owner-family,tourism-family; family-label; operator-family,research_proposal
family.play-clean,family,staff_confirmation,ordinary,en,How often are the toys cleaned?,A play corner is available. I don't have confirmed information about the toy cleaning schedule. Please check with the restaurant team.,family.play_cleaning,owner-family,tourism-family; family-label; operator-family,research_proposal
family.play-clean,family,staff_confirmation,ordinary,ru,Как часто вы чистите игрушки?,Игровой уголок есть. У меня нет подтверждённой информации о порядке чистки игрушек. Уточните это у сотрудника ресторана.,family.play_cleaning,owner-family,tourism-family; family-label; operator-family,research_proposal
family.play-fee,family,staff_confirmation,ordinary,et,Kas mängunurga kasutamine on tasuta?,Mängunurk on olemas. Mul ei ole kinnitatud infot mängunurga kasutamise tasu kohta. Palun täpsustage seda restorani töötajaga.,family.play_fee,owner-family,tourism-family; family-label; operator-family,research_proposal
family.play-fee,family,staff_confirmation,ordinary,en,Is the play corner free to use?,A play corner is available. I don't have confirmed information about any fee for the play corner. Please check with the restaurant team.,family.play_fee,owner-family,tourism-family; family-label; operator-family,research_proposal
family.play-fee,family,staff_confirmation,ordinary,ru,Игровой уголок бесплатный?,Игровой уголок есть. У меня нет подтверждённой информации о плате за игровой уголок. Уточните это у сотрудника ресторана.,family.play_fee,owner-family,tourism-family; family-label; operator-family,research_proposal
family.play-hours,family,staff_confirmation,ordinary,et,Mis kell mängunurk avatud on?,Mängunurk on olemas. Mul ei ole kinnitatud infot mängunurga eraldi lahtiolekuaegade kohta. Palun täpsustage seda restorani töötajaga.,family.play_hours,owner-family,tourism-family; family-label; operator-family,research_proposal
family.play-hours,family,staff_confirmation,ordinary,en,What are the play corner's opening hours?,A play corner is available. I don't have confirmed information about separate opening hours for the play corner. Please check with the restaurant team.,family.play_hours,owner-family,tourism-family; family-label; operator-family,research_proposal
family.play-hours,family,staff_confirmation,ordinary,ru,В какие часы открыт игровой уголок?,Игровой уголок есть. У меня нет подтверждённой информации об отдельных часах работы игрового уголка. Уточните это у сотрудника ресторана.,family.play_hours,owner-family,tourism-family; family-label; operator-family,research_proposal
family.stroller,family,staff_confirmation,ordinary,et,Kas lapsevankri saab laua juurde panna?,Mul ei ole kinnitatud infot lapsevankri laua juurde paigutamise kohta. Palun täpsustage seda restorani töötajaga.,family.stroller_space,,tourism-family; family-label; operator-family,research_proposal
family.stroller,family,staff_confirmation,ordinary,en,Can I keep a stroller beside the table?,I don't have confirmed information about space for a stroller beside the table. Please check with the restaurant team.,family.stroller_space,,tourism-family; family-label; operator-family,research_proposal
family.stroller,family,staff_confirmation,ordinary,ru,Можно поставить коляску рядом со столом?,У меня нет подтверждённой информации о месте для коляски рядом со столом. Уточните это у сотрудника ресторана.,family.stroller_space,,tourism-family; family-label; operator-family,research_proposal
family.stroller-store,family,staff_confirmation,ordinary,et,Kas lapsevankrile on hoiukoht?,Mul ei ole kinnitatud infot lapsevankri hoiukoha kohta. Palun täpsustage seda restorani töötajaga.,family.stroller_storage,,tourism-family; family-label; operator-family,research_proposal
family.stroller-store,family,staff_confirmation,ordinary,en,Is there somewhere to leave a stroller?,I don't have confirmed information about stroller storage. Please check with the restaurant team.,family.stroller_storage,,tourism-family; family-label; operator-family,research_proposal
family.stroller-store,family,staff_confirmation,ordinary,ru,"Есть ли место, где оставить детскую коляску?",У меня нет подтверждённой информации о месте для хранения детской коляски. Уточните это у сотрудника ресторана.,family.stroller_storage,,tourism-family; family-label; operator-family,research_proposal
family.supervision,family,staff_confirmation,ordinary,et,Kas mängunurgas on lapsehoidja?,Mängunurk on olemas. Mul ei ole kinnitatud infot mängunurga lapsehoiu ja järelevalve kohta. Palun täpsustage seda restorani töötajaga.,family.play_supervision,owner-family,tourism-family; family-label; operator-family,research_proposal
family.supervision,family,staff_confirmation,ordinary,en,Is there a babysitter in the play corner?,A play corner is available. I don't have confirmed information about childcare and supervision in the play corner. Please check with the restaurant team.,family.play_supervision,owner-family,tourism-family; family-label; operator-family,research_proposal
family.supervision,family,staff_confirmation,ordinary,ru,В игровом уголке есть няня?,Игровой уголок есть. У меня нет подтверждённой информации о присмотре за детьми в игровом уголке. Уточните это у сотрудника ресторана.,family.play_supervision,owner-family,tourism-family; family-label; operator-family,research_proposal
family.toy-allergy,family,staff_confirmation,ordinary,et,Kas mänguasjad sobivad lateksiallergiaga lapsele?,Mänguasjad on olemas. Mul ei ole kinnitatud infot mänguasjade materjalide ja allergiaohutuse kohta. Palun täpsustage seda restorani töötajaga.,family.toy_materials,owner-family,tourism-family; family-label; operator-family,research_proposal
family.toy-allergy,family,staff_confirmation,ordinary,en,Are the toys suitable for a child with a latex allergy?,Toys are available. I don't have confirmed information about toy materials and their allergy safety. Please check with the restaurant team.,family.toy_materials,owner-family,tourism-family; family-label; operator-family,research_proposal
family.toy-allergy,family,staff_confirmation,ordinary,ru,Игрушки подходят ребёнку с аллергией на латекс?,Игрушки есть. У меня нет подтверждённой информации о материалах игрушек и их безопасности при аллергии. Уточните это у сотрудника ресторана.,family.toy_materials,owner-family,tourism-family; family-label; operator-family,research_proposal
family.toy-home,family,staff_confirmation,ordinary,et,Kas laps võib mänguasja kaasa võtta?,Mänguasjad on olemas. Mul ei ole kinnitatud infot mänguasjade kaasa võtmise reeglite kohta. Palun täpsustage seda restorani töötajaga.,family.toy_take_home,owner-family,tourism-family; family-label; operator-family,research_proposal
family.toy-home,family,staff_confirmation,ordinary,en,Can my child take a toy home?,Toys are available. I don't have confirmed information about whether toys may be taken home. Please check with the restaurant team.,family.toy_take_home,owner-family,tourism-family; family-label; operator-family,research_proposal
family.toy-home,family,staff_confirmation,ordinary,ru,Ребёнок может забрать игрушку домой?,"Игрушки есть. У меня нет подтверждённой информации о том, можно ли забрать игрушку домой. Уточните это у сотрудника ресторана.",family.toy_take_home,owner-family,tourism-family; family-label; operator-family,research_proposal
family.toys,family,owner_confirmed,ordinary,et,Kas lastele on mänguasju?,"Lastele on olemas joonistamisvõimalus, mänguasjad, mängunurk ja lastemenüü.",,owner-family,,research_proposal
family.toys,family,owner_confirmed,ordinary,en,Do you have toys for children?,"For children, we have drawing activities, toys, a play corner and a children's menu.",,owner-family,,research_proposal
family.toys,family,owner_confirmed,ordinary,ru,Для детей есть игрушки?,"Для детей есть возможность порисовать, игрушки, игровой уголок и детское меню.",,owner-family,,research_proposal
family.welcome,family,owner_confirmed,ordinary,et,Kas lastega võib tulla?,"Lastele on olemas joonistamisvõimalus, mänguasjad, mängunurk ja lastemenüü.",,owner-family,,research_proposal
family.welcome,family,owner_confirmed,ordinary,en,Can we bring children?,"For children, we have drawing activities, toys, a play corner and a children's menu.",,owner-family,,research_proposal
family.welcome,family,owner_confirmed,ordinary,ru,Можно прийти с детьми?,"Для детей есть возможность порисовать, игрушки, игровой уголок и детское меню.",,owner-family,,research_proposal
hours.friday,hours,demo_profile,ordinary,et,Mis kell olete reedel avatud?,Demo lahtiolekuajad: Reedel kell 12–23.,,profile,,research_proposal
hours.friday,hours,demo_profile,ordinary,en,What are your opening hours on Friday?,Demo opening hours: Friday 12–23.,,profile,,research_proposal
hours.friday,hours,demo_profile,ordinary,ru,Во сколько вы открыты в пятницу?,Часы работы в демоверсии: В пятницу с 12 до 23.,,profile,,research_proposal
hours.general,hours,demo_profile,ordinary,et,Mis on teie lahtiolekuajad?,"Demo lahtiolekuajad: Esmaspäevast neljapäevani kell 12–21, reedel ja laupäeval kell 12–23 ning pühapäeval kell 12–20.",,profile,,research_proposal
hours.general,hours,demo_profile,ordinary,en,What are your opening hours?,"Demo opening hours: Monday through Thursday 12–21, Friday and Saturday 12–23 and Sunday 12–20.",,profile,,research_proposal
hours.general,hours,demo_profile,ordinary,ru,Какие у вас часы работы?,Часы работы в демоверсии: С понедельника по четверг с 12 до 21. В пятницу и субботу с 12 до 23. В воскресенье с 12 до 20.,,profile,,research_proposal
hours.kitchen,hours,demo_profile,ordinary,et,Mis on köögi lahtiolekuajad?,"Demo köök: Esmaspäevast neljapäevani kell 12–20:30, reedel ja laupäeval kell 12–22:30 ning pühapäeval kell 12–19:30.",,profile,,research_proposal
hours.kitchen,hours,demo_profile,ordinary,en,What are the kitchen hours?,"Demo kitchen hours: Monday through Thursday 12–20:30, Friday and Saturday 12–22:30 and Sunday 12–19:30.",,profile,,research_proposal
hours.kitchen,hours,demo_profile,ordinary,ru,Какие часы работы кухни?,Часы работы кухни в демоверсии: С понедельника по четверг с 12 до 20:30. В пятницу и субботу с 12 до 22:30. В воскресенье с 12 до 19:30.,,profile,,research_proposal
hours.kitchen-friday,hours,demo_profile,ordinary,et,Mis kell köök reedeti sulgub?,Demo köök: Reedel kell 12–22:30.,,profile,,research_proposal
hours.kitchen-friday,hours,demo_profile,ordinary,en,When does the kitchen close on Friday?,Demo kitchen hours: Friday 12–22:30.,,profile,,research_proposal
hours.kitchen-friday,hours,demo_profile,ordinary,ru,Когда кухня закрывается в пятницу?,Часы работы кухни в демоверсии: В пятницу с 12 до 22:30.,,profile,,research_proposal
hours.monday,hours,demo_profile,ordinary,et,Mis kell olete esmaspäeval avatud?,Demo lahtiolekuajad: Esmaspäeval kell 12–21.,,profile,,research_proposal
hours.monday,hours,demo_profile,ordinary,en,What are your opening hours on Monday?,Demo opening hours: Monday 12–21.,,profile,,research_proposal
hours.monday,hours,demo_profile,ordinary,ru,Во сколько вы открыты в понедельник?,Часы работы в демоверсии: В понедельник с 12 до 21.,,profile,,research_proposal
hours.saturday,hours,demo_profile,ordinary,et,Mis kell olete laupäeval avatud?,Demo lahtiolekuajad: Laupäeval kell 12–23.,,profile,,research_proposal
hours.saturday,hours,demo_profile,ordinary,en,What are your opening hours on Saturday?,Demo opening hours: Saturday 12–23.,,profile,,research_proposal
hours.saturday,hours,demo_profile,ordinary,ru,Во сколько вы открыты в субботу?,Часы работы в демоверсии: В субботу с 12 до 23.,,profile,,research_proposal
hours.sunday,hours,demo_profile,ordinary,et,Mis kell olete pühapäeval avatud?,Demo lahtiolekuajad: Pühapäeval kell 12–20.,,profile,,research_proposal
hours.sunday,hours,demo_profile,ordinary,en,What are your opening hours on Sunday?,Demo opening hours: Sunday 12–20.,,profile,,research_proposal
hours.sunday,hours,demo_profile,ordinary,ru,Во сколько вы открыты в воскресенье?,Часы работы в демоверсии: В воскресенье с 12 до 20.,,profile,,research_proposal
hours.thursday,hours,demo_profile,ordinary,et,Mis kell olete neljapäeval avatud?,Demo lahtiolekuajad: Neljapäeval kell 12–21.,,profile,,research_proposal
hours.thursday,hours,demo_profile,ordinary,en,What are your opening hours on Thursday?,Demo opening hours: Thursday 12–21.,,profile,,research_proposal
hours.thursday,hours,demo_profile,ordinary,ru,Во сколько вы открыты в четверг?,Часы работы в демоверсии: В четверг с 12 до 21.,,profile,,research_proposal
hours.tuesday,hours,demo_profile,ordinary,et,Mis kell olete teisipäeval avatud?,Demo lahtiolekuajad: Teisipäeval kell 12–21.,,profile,,research_proposal
hours.tuesday,hours,demo_profile,ordinary,en,What are your opening hours on Tuesday?,Demo opening hours: Tuesday 12–21.,,profile,,research_proposal
hours.tuesday,hours,demo_profile,ordinary,ru,Во сколько вы открыты во вторник?,Часы работы в демоверсии: Во вторник с 12 до 21.,,profile,,research_proposal
hours.wednesday,hours,demo_profile,ordinary,et,Mis kell olete kolmapäeval avatud?,Demo lahtiolekuajad: Kolmapäeval kell 12–21.,,profile,,research_proposal
hours.wednesday,hours,demo_profile,ordinary,en,What are your opening hours on Wednesday?,Demo opening hours: Wednesday 12–21.,,profile,,research_proposal
hours.wednesday,hours,demo_profile,ordinary,ru,Во сколько вы открыты в среду?,Часы работы в демоверсии: В среду с 12 до 21.,,profile,,research_proposal
hours.weekdays,hours,demo_profile,ordinary,et,Mis kell olete tööpäevadel avatud?,Demo lahtiolekuajad: Esmaspäevast neljapäevani kell 12–21 ning reedel kell 12–23.,,profile,,research_proposal
hours.weekdays,hours,demo_profile,ordinary,en,What are your weekday opening hours?,Demo opening hours: Monday through Thursday 12–21 and Friday 12–23.,,profile,,research_proposal
hours.weekdays,hours,demo_profile,ordinary,ru,Какие часы работы в будни?,Часы работы в демоверсии: С понедельника по четверг с 12 до 21. В пятницу с 12 до 23.,,profile,,research_proposal
hours.weekend,hours,demo_profile,ordinary,et,Mis kell olete nädalavahetusel avatud?,Demo lahtiolekuajad: Laupäeval kell 12–23 ning pühapäeval kell 12–20.,,profile,,research_proposal
hours.weekend,hours,demo_profile,ordinary,en,What are your weekend opening hours?,Demo opening hours: Saturday 12–23 and Sunday 12–20.,,profile,,research_proposal
hours.weekend,hours,demo_profile,ordinary,ru,Какие часы работы в выходные?,Часы работы в демоверсии: В субботу с 12 до 23. В воскресенье с 12 до 20.,,profile,,research_proposal
hours-special.christmas,hours-special,staff_confirmation,ordinary,et,Kas jõululaupäeval saab õhtust süüa?,Mul ei ole kinnitatud infot jõululaupäeva kinnitatud eriaegade kohta. Palun täpsustage seda restorani töötajaga.,hours.christmas,,,research_proposal
hours-special.christmas,hours-special,staff_confirmation,ordinary,en,Can we dine on Christmas Eve?,I don't have confirmed information about confirmed Christmas Eve hours. Please check with the restaurant team.,hours.christmas,,,research_proposal
hours-special.christmas,hours-special,staff_confirmation,ordinary,ru,Можно поужинать в сочельник?,У меня нет подтверждённой информации о подтверждённых часах работы в сочельник. Уточните это у сотрудника ресторана.,hours.christmas,,,research_proposal
hours-special.holiday,hours-special,staff_confirmation,ordinary,et,Kas riigipühal olete avatud?,Mul ei ole kinnitatud infot konkreetse riigipüha kinnitatud eriaegade kohta. Palun täpsustage seda restorani töötajaga.,hours.holiday_overrides,,,research_proposal
hours-special.holiday,hours-special,staff_confirmation,ordinary,en,Are you open on public holidays?,I don't have confirmed information about confirmed hours for a specific public holiday. Please check with the restaurant team.,hours.holiday_overrides,,,research_proposal
hours-special.holiday,hours-special,staff_confirmation,ordinary,ru,Вы открыты в государственные праздники?,У меня нет подтверждённой информации о подтверждённых часах работы в конкретный праздничный день. Уточните это у сотрудника ресторана.,hours.holiday_overrides,,,research_proposal
hours-special.last-order,hours-special,staff_confirmation,ordinary,et,Kui hilja saab viimase tellimuse teha?,Mul ei ole kinnitatud infot viimase toidutellimuse vastuvõtmise korra kohta. Palun täpsustage seda restorani töötajaga.,hours.last_order_policy,,,research_proposal
hours-special.last-order,hours-special,staff_confirmation,ordinary,en,What is the latest time to place an order?,I don't have confirmed information about the last food order policy. Please check with the restaurant team.,hours.last_order_policy,,,research_proposal
hours-special.last-order,hours-special,staff_confirmation,ordinary,ru,До какого времени можно сделать последний заказ?,У меня нет подтверждённой информации о порядке приёма последнего заказа еды. Уточните это у сотрудника ресторана.,hours.last_order_policy,,,research_proposal
hours-special.maintenance,hours-special,staff_confirmation,ordinary,et,Kas remont võib lahtiolekuaegu muuta?,Mul ei ole kinnitatud infot ajutiste sulgemiste ja remondi kohta. Palun täpsustage seda restorani töötajaga.,hours.temporary_closures,,,research_proposal
hours-special.maintenance,hours-special,staff_confirmation,ordinary,en,Could renovations affect your opening hours?,I don't have confirmed information about temporary closures or renovations. Please check with the restaurant team.,hours.temporary_closures,,,research_proposal
hours-special.maintenance,hours-special,staff_confirmation,ordinary,ru,Ремонт может изменить часы работы?,У меня нет подтверждённой информации о временном закрытии или ремонте. Уточните это у сотрудника ресторана.,hours.temporary_closures,,,research_proposal
hours-special.newyear,hours-special,staff_confirmation,ordinary,et,Kas aastavahetusel on erimenüü või pilet?,Mul ei ole kinnitatud infot aastavahetuse korralduse ja hinna kohta. Palun täpsustage seda restorani töötajaga.,hours.new_year,,,research_proposal
hours-special.newyear,hours-special,staff_confirmation,ordinary,en,Is there a special menu or ticket for New Year's Eve?,I don't have confirmed information about New Year's Eve arrangements and prices. Please check with the restaurant team.,hours.new_year,,,research_proposal
hours-special.newyear,hours-special,staff_confirmation,ordinary,ru,В новогоднюю ночь есть специальное меню или билеты?,У меня нет подтверждённой информации об условиях и ценах в новогоднюю ночь. Уточните это у сотрудника ресторана.,hours.new_year,,,research_proposal
location.address,location,demo_profile,ordinary,et,Mis on teie aadress?,See on fiktiivne näidisrestoran; selle profiilis puudub päris külastusaadress.,,profile,,research_proposal
location.address,location,demo_profile,ordinary,en,What is your address?,This is a fictional demo restaurant; its profile has no real visiting address.,,profile,,research_proposal
location.address,location,demo_profile,ordinary,ru,Какой у вас адрес?,Это вымышленный демонстрационный ресторан; в профиле нет реального адреса для посещения.,,profile,,research_proposal
location.bike,location,staff_confirmation,ordinary,et,Kas jalgratta saab lukustada rattahoidlasse?,Mul ei ole kinnitatud infot rattahoidla olemasolu kohta. Palun täpsustage seda restorani töötajaga.,location.bike_parking,,visit-access; family-label,research_proposal
location.bike,location,staff_confirmation,ordinary,en,Is there a rack where I can lock my bicycle?,I don't have confirmed information about bicycle parking. Please check with the restaurant team.,location.bike_parking,,visit-access; family-label,research_proposal
location.bike,location,staff_confirmation,ordinary,ru,"Есть стойка, где можно пристегнуть велосипед?",У меня нет подтверждённой информации о наличии парковки для велосипедов. Уточните это у сотрудника ресторана.,location.bike_parking,,visit-access; family-label,research_proposal
location.bus,location,staff_confirmation,ordinary,et,Milline buss teie juurde tuleb?,Mul ei ole kinnitatud infot sobiva ühistranspordiühenduse kohta. Palun täpsustage seda restorani töötajaga.,location.public_transport,,visit-access; family-label,research_proposal
location.bus,location,staff_confirmation,ordinary,en,Which bus takes me to the restaurant?,I don't have confirmed information about public transport routes to the restaurant. Please check with the restaurant team.,location.public_transport,,visit-access; family-label,research_proposal
location.bus,location,staff_confirmation,ordinary,ru,На каком автобусе можно к вам приехать?,У меня нет подтверждённой информации о маршрутах общественного транспорта к ресторану. Уточните это у сотрудника ресторана.,location.public_transport,,visit-access; family-label,research_proposal
location.contact,location,staff_confirmation,ordinary,et,Mis on restorani telefoninumber?,Mul ei ole kinnitatud infot restorani avaliku kontakttelefoni kohta. Palun täpsustage seda restorani töötajaga.,location.public_contact,,visit-access; family-label,research_proposal
location.contact,location,staff_confirmation,ordinary,en,What is the restaurant's phone number?,I don't have confirmed information about a public restaurant phone number. Please check with the restaurant team.,location.public_contact,,visit-access; family-label,research_proposal
location.contact,location,staff_confirmation,ordinary,ru,Какой номер телефона ресторана?,У меня нет подтверждённой информации о публичном номере телефона ресторана. Уточните это у сотрудника ресторана.,location.public_contact,,visit-access; family-label,research_proposal
location.email,location,staff_confirmation,ordinary,et,Mis on restorani e-posti aadress?,Mul ei ole kinnitatud infot restorani avaliku e-posti aadressi kohta. Palun täpsustage seda restorani töötajaga.,location.public_email,,visit-access; family-label,research_proposal
location.email,location,staff_confirmation,ordinary,en,What is the restaurant's email address?,I don't have confirmed information about a public restaurant email address. Please check with the restaurant team.,location.public_email,,visit-access; family-label,research_proposal
location.email,location,staff_confirmation,ordinary,ru,Какая электронная почта ресторана?,У меня нет подтверждённой информации о публичном адресе электронной почты ресторана. Уточните это у сотрудника ресторана.,location.public_email,,visit-access; family-label,research_proposal
location.entrance,location,staff_confirmation,ordinary,et,Millise ukse kaudu sisse tulla?,Mul ei ole kinnitatud infot restorani sissepääsu täpse asukoha kohta. Palun täpsustage seda restorani töötajaga.,location.entrance,,visit-access; family-label,research_proposal
location.entrance,location,staff_confirmation,ordinary,en,Which entrance should we use?,I don't have confirmed information about the correct restaurant entrance. Please check with the restaurant team.,location.entrance,,visit-access; family-label,research_proposal
location.entrance,location,staff_confirmation,ordinary,ru,Через какой вход заходить?,У меня нет подтверждённой информации о точном расположении входа в ресторан. Уточните это у сотрудника ресторана.,location.entrance,,visit-access; family-label,research_proposal
location.ev,location,staff_confirmation,ordinary,et,Kas parkla juures on elektriauto laadija?,Mul ei ole kinnitatud infot elektriauto laadija olemasolu kohta. Palun täpsustage seda restorani töötajaga.,location.ev_charging,,visit-access; family-label,research_proposal
location.ev,location,staff_confirmation,ordinary,en,Is there an EV charger near the parking area?,I don't have confirmed information about an EV charger near the parking area. Please check with the restaurant team.,location.ev_charging,,visit-access; family-label,research_proposal
location.ev,location,staff_confirmation,ordinary,ru,У парковки есть зарядка для электромобиля?,У меня нет подтверждённой информации о зарядке для электромобиля у парковки. Уточните это у сотрудника ресторана.,location.ev_charging,,visit-access; family-label,research_proposal
location.map,location,staff_confirmation,ordinary,et,Kas saate kaardilingi saata?,Mul ei ole kinnitatud infot kinnitatud kaardilingi ja selle saatmise võimaluse kohta. Palun täpsustage seda restorani töötajaga.,location.map_link,,visit-access; family-label,research_proposal
location.map,location,staff_confirmation,ordinary,en,Can you send me a map link?,I don't have confirmed information about a verified map link and a way to send it. Please check with the restaurant team.,location.map_link,,visit-access; family-label,research_proposal
location.map,location,staff_confirmation,ordinary,ru,Можете прислать ссылку на карту?,У меня нет подтверждённой информации о подтверждённой ссылке на карту и возможности её отправить. Уточните это у сотрудника ресторана.,location.map_link,,visit-access; family-label,research_proposal
location.parking,location,staff_confirmation,ordinary,et,Kas teil on oma parkla?,Mul ei ole kinnitatud infot restorani parkla olemasolu kohta. Palun täpsustage seda restorani töötajaga.,location.parking,,visit-access; family-label,research_proposal
location.parking,location,staff_confirmation,ordinary,en,Do you have your own car park?,I don't have confirmed information about the restaurant's own parking. Please check with the restaurant team.,location.parking,,visit-access; family-label,research_proposal
location.parking,location,staff_confirmation,ordinary,ru,У вас есть своя парковка?,У меня нет подтверждённой информации о собственной парковке ресторана. Уточните это у сотрудника ресторана.,location.parking,,visit-access; family-label,research_proposal
location.parking-book,location,staff_confirmation,ordinary,et,Kas parkimiskoha saab broneerida?,Mul ei ole kinnitatud infot parkimiskoha broneerimise võimaluse kohta. Palun täpsustage seda restorani töötajaga.,location.parking_reservation,,visit-access; family-label,research_proposal
location.parking-book,location,staff_confirmation,ordinary,en,Can I reserve a parking space?,I don't have confirmed information about reserving a parking space. Please check with the restaurant team.,location.parking_reservation,,visit-access; family-label,research_proposal
location.parking-book,location,staff_confirmation,ordinary,ru,Можно забронировать парковочное место?,У меня нет подтверждённой информации о возможности бронировать парковочное место. Уточните это у сотрудника ресторана.,location.parking_reservation,,visit-access; family-label,research_proposal
location.parking-price,location,staff_confirmation,ordinary,et,Kui palju parkimine maksab?,Mul ei ole kinnitatud infot parkimise hindade kohta. Palun täpsustage seda restorani töötajaga.,location.parking_prices,,visit-access; family-label,research_proposal
location.parking-price,location,staff_confirmation,ordinary,en,How much does parking cost?,I don't have confirmed information about parking prices. Please check with the restaurant team.,location.parking_prices,,visit-access; family-label,research_proposal
location.parking-price,location,staff_confirmation,ordinary,ru,Сколько стоит парковка?,У меня нет подтверждённой информации о стоимости парковки. Уточните это у сотрудника ресторана.,location.parking_prices,,visit-access; family-label,research_proposal
location.stop,location,staff_confirmation,ordinary,et,Mis on lähim peatus?,Mul ei ole kinnitatud infot lähima ühistranspordipeatuse kohta. Palun täpsustage seda restorani töötajaga.,location.nearest_stop,,visit-access; family-label,research_proposal
location.stop,location,staff_confirmation,ordinary,en,What is the nearest stop?,I don't have confirmed information about the nearest public transport stop. Please check with the restaurant team.,location.nearest_stop,,visit-access; family-label,research_proposal
location.stop,location,staff_confirmation,ordinary,ru,Какая остановка ближе всего?,У меня нет подтверждённой информации о ближайшей остановке общественного транспорта. Уточните это у сотрудника ресторана.,location.nearest_stop,,visit-access; family-label,research_proposal
location.taxi,location,staff_confirmation,ordinary,et,Kus takso saab peatuda?,Mul ei ole kinnitatud infot takso peatumiskoha kohta. Palun täpsustage seda restorani töötajaga.,location.taxi_dropoff,,visit-access; family-label,research_proposal
location.taxi,location,staff_confirmation,ordinary,en,Where can a taxi drop us off?,I don't have confirmed information about a taxi drop-off point. Please check with the restaurant team.,location.taxi_dropoff,,visit-access; family-label,research_proposal
location.taxi,location,staff_confirmation,ordinary,ru,Где такси может нас высадить?,У меня нет подтверждённой информации о месте остановки такси. Уточните это у сотрудника ресторана.,location.taxi_dropoff,,visit-access; family-label,research_proposal
location.walking,location,staff_confirmation,ordinary,et,Kui kaua kesklinnast jalgsi tulla?,Mul ei ole kinnitatud infot jalgsimarsruudi ja kõndimisaja kohta. Palun täpsustage seda restorani töötajaga.,location.walking_route,,visit-access; family-label,research_proposal
location.walking,location,staff_confirmation,ordinary,en,How long is the walk from the city centre?,I don't have confirmed information about the walking route and journey time. Please check with the restaurant team.,location.walking_route,,visit-access; family-label,research_proposal
location.walking,location,staff_confirmation,ordinary,ru,Сколько идти пешком из центра?,У меня нет подтверждённой информации о пешем маршруте и времени в пути. Уточните это у сотрудника ресторана.,location.walking_route,,visit-access; family-label,research_proposal
location.web,location,staff_confirmation,ordinary,et,Kust leiab teie ametliku menüü veebis?,Mul ei ole kinnitatud infot ametliku menüü kinnitatud veebilingi kohta. Palun täpsustage seda restorani töötajaga.,location.official_menu_url,,visit-access; family-label,research_proposal
location.web,location,staff_confirmation,ordinary,en,Where can I find your official menu online?,I don't have confirmed information about a verified link to the official menu. Please check with the restaurant team.,location.official_menu_url,,visit-access; family-label,research_proposal
location.web,location,staff_confirmation,ordinary,ru,Где найти ваше официальное меню в интернете?,У меня нет подтверждённой информации о подтверждённой ссылке на официальное меню. Уточните это у сотрудника ресторана.,location.official_menu_url,,visit-access; family-label,research_proposal
menu.breakfast,menu,staff_confirmation,ordinary,et,Kas pakute hommikusööki?,Mul ei ole kinnitatud infot hommikusöögi pakkumise kohta. Palun täpsustage seda restorani töötajaga.,menu.breakfast,,operator-faq,research_proposal
menu.breakfast,menu,staff_confirmation,ordinary,en,Do you serve breakfast?,I don't have confirmed information about breakfast service. Please check with the restaurant team.,menu.breakfast,,operator-faq,research_proposal
menu.breakfast,menu,staff_confirmation,ordinary,ru,Вы подаёте завтраки?,У меня нет подтверждённой информации о подаче завтраков. Уточните это у сотрудника ресторана.,menu.breakfast,,operator-faq,research_proposal
menu.bring-food,menu,staff_confirmation,ordinary,et,Kas oma toitu võib kaasa võtta?,Mul ei ole kinnitatud infot oma toidu kaasa võtmise reeglite kohta. Palun täpsustage seda restorani töötajaga.,menu.outside_food,,operator-faq,research_proposal
menu.bring-food,menu,staff_confirmation,ordinary,en,May we bring our own food?,I don't have confirmed information about the outside food policy. Please check with the restaurant team.,menu.outside_food,,operator-faq,research_proposal
menu.bring-food,menu,staff_confirmation,ordinary,ru,Можно принести свою еду?,У меня нет подтверждённой информации о правилах посещения со своей едой. Уточните это у сотрудника ресторана.,menu.outside_food,,operator-faq,research_proposal
menu.brunch,menu,staff_confirmation,ordinary,et,Kas pühapäeval on brunch?,Mul ei ole kinnitatud infot pühapäevase brunch'i kohta. Palun täpsustage seda restorani töötajaga.,menu.brunch,,operator-faq,research_proposal
menu.brunch,menu,staff_confirmation,ordinary,en,Do you offer Sunday brunch?,I don't have confirmed information about Sunday brunch. Please check with the restaurant team.,menu.brunch,,operator-faq,research_proposal
menu.brunch,menu,staff_confirmation,ordinary,ru,По воскресеньям есть бранч?,У меня нет подтверждённой информации о воскресном бранче. Уточните это у сотрудника ресторана.,menu.brunch,,operator-faq,research_proposal
menu.calories,menu,staff_confirmation,ordinary,et,Kas teil on roogade kalorite info?,Mul ei ole kinnitatud infot roogade kontrollitud toitumisinfo kohta. Palun täpsustage seda restorani töötajaga.,menu.nutrition,,operator-faq,research_proposal
menu.calories,menu,staff_confirmation,ordinary,en,Do you have calorie information for dishes?,I don't have confirmed information about verified nutritional information for dishes. Please check with the restaurant team.,menu.nutrition,,operator-faq,research_proposal
menu.calories,menu,staff_confirmation,ordinary,ru,Есть информация о калорийности блюд?,У меня нет подтверждённой информации о проверенной пищевой ценности блюд. Уточните это у сотрудника ресторана.,menu.nutrition,,operator-faq,research_proposal
menu.doneness,menu,staff_confirmation,ordinary,et,Kas liha küpsusastet saab valida?,Mul ei ole kinnitatud infot liha küpsusastme valimise kohta. Palun täpsustage seda restorani töötajaga.,menu.meat_doneness,,operator-faq,research_proposal
menu.doneness,menu,staff_confirmation,ordinary,en,Can I choose how well the meat is cooked?,I don't have confirmed information about choosing meat doneness. Please check with the restaurant team.,menu.meat_doneness,,operator-faq,research_proposal
menu.doneness,menu,staff_confirmation,ordinary,ru,Можно выбрать степень прожарки мяса?,У меня нет подтверждённой информации о возможности выбрать степень прожарки мяса. Уточните это у сотрудника ресторана.,menu.meat_doneness,,operator-faq,research_proposal
menu.fish-bones,menu,staff_confirmation,ordinary,et,Kas kala on ilma luudeta?,Mul ei ole kinnitatud infot kala luude eemaldamise kohta. Palun täpsustage seda restorani töötajaga.,menu.fish_bones,,operator-faq,research_proposal
menu.fish-bones,menu,staff_confirmation,ordinary,en,Is the fish boneless?,I don't have confirmed information about bone removal from fish. Please check with the restaurant team.,menu.fish_bones,,operator-faq,research_proposal
menu.fish-bones,menu,staff_confirmation,ordinary,ru,Рыба без костей?,У меня нет подтверждённой информации об удалении костей из рыбы. Уточните это у сотрудника ресторана.,menu.fish_bones,,operator-faq,research_proposal
menu.local,menu,staff_confirmation,ordinary,et,Kas kasutate kohalikku toorainet?,Mul ei ole kinnitatud infot kohaliku tooraine kasutamise kohta. Palun täpsustage seda restorani töötajaga.,menu.local_ingredients,,operator-faq,research_proposal
menu.local,menu,staff_confirmation,ordinary,en,Do you use local ingredients?,I don't have confirmed information about the use of local ingredients. Please check with the restaurant team.,menu.local_ingredients,,operator-faq,research_proposal
menu.local,menu,staff_confirmation,ordinary,ru,Вы используете местные продукты?,У меня нет подтверждённой информации об использовании местных продуктов. Уточните это у сотрудника ресторана.,menu.local_ingredients,,operator-faq,research_proposal
menu.lunch,menu,staff_confirmation,ordinary,et,Kas teil on lõunapakkumine?,Mul ei ole kinnitatud infot lõunapakkumise kohta. Palun täpsustage seda restorani töötajaga.,menu.lunch_offer,,operator-faq,research_proposal
menu.lunch,menu,staff_confirmation,ordinary,en,Do you have a lunch special?,I don't have confirmed information about a lunch special. Please check with the restaurant team.,menu.lunch_offer,,operator-faq,research_proposal
menu.lunch,menu,staff_confirmation,ordinary,ru,У вас есть обеденное предложение?,У меня нет подтверждённой информации об обеденном предложении. Уточните это у сотрудника ресторана.,menu.lunch_offer,,operator-faq,research_proposal
menu.no-salt,menu,staff_confirmation,ordinary,et,Kas saab ilma lisatud soolata?,Mul ei ole kinnitatud infot lisatud soolata valmistamise võimaluse kohta. Palun täpsustage seda restorani töötajaga.,menu.salt_modification,,operator-faq,research_proposal
menu.no-salt,menu,staff_confirmation,ordinary,en,Can you prepare a dish without added salt?,I don't have confirmed information about preparing dishes without added salt. Please check with the restaurant team.,menu.salt_modification,,operator-faq,research_proposal
menu.no-salt,menu,staff_confirmation,ordinary,ru,Можно приготовить без добавления соли?,У меня нет подтверждённой информации о возможности приготовить без добавления соли. Уточните это у сотрудника ресторана.,menu.salt_modification,,operator-faq,research_proposal
menu.organic,menu,staff_confirmation,ordinary,et,Kas koostisosad on mahedad?,Mul ei ole kinnitatud infot tooraine mahesertifikaatide kohta. Palun täpsustage seda restorani töötajaga.,menu.organic_certification,,operator-faq,research_proposal
menu.organic,menu,staff_confirmation,ordinary,en,Are your ingredients organic?,I don't have confirmed information about organic certification of ingredients. Please check with the restaurant team.,menu.organic_certification,,operator-faq,research_proposal
menu.organic,menu,staff_confirmation,ordinary,ru,Ваши продукты органические?,У меня нет подтверждённой информации об органической сертификации продуктов. Уточните это у сотрудника ресторана.,menu.organic_certification,,operator-faq,research_proposal
menu.origin,menu,staff_confirmation,ordinary,et,Kust teie tooraine pärineb?,Mul ei ole kinnitatud infot tooraine päritolu kohta. Palun täpsustage seda restorani töötajaga.,menu.ingredient_origin,,operator-faq,research_proposal
menu.origin,menu,staff_confirmation,ordinary,en,Where do your ingredients come from?,I don't have confirmed information about ingredient origins. Please check with the restaurant team.,menu.ingredient_origin,,operator-faq,research_proposal
menu.origin,menu,staff_confirmation,ordinary,ru,Откуда ваши продукты?,У меня нет подтверждённой информации о происхождении продуктов. Уточните это у сотрудника ресторана.,menu.ingredient_origin,,operator-faq,research_proposal
menu.overview,menu,demo_profile,ordinary,et,Mis teie menüüs on?,"Näidismenüüs on köögiviljasupp, küpsetatud lõhe ja seenerisoto.",,profile,,research_proposal
menu.overview,menu,demo_profile,ordinary,en,What is on your menu?,"The demo menu includes vegetable soup, baked salmon and mushroom risotto.",,profile,,research_proposal
menu.overview,menu,demo_profile,ordinary,ru,Что есть в меню?,"В демонстрационном меню есть овощной суп, запечённый лосось и ризотто с грибами.",,profile,,research_proposal
menu.packed-leftovers,menu,staff_confirmation,ordinary,et,Kas ülejäänud toidu saab kaasa pakkida?,Mul ei ole kinnitatud infot ülejäänud toidu kaasa pakkimise kohta. Palun täpsustage seda restorani töötajaga.,menu.leftovers,,operator-faq,research_proposal
menu.packed-leftovers,menu,staff_confirmation,ordinary,en,Can you pack up leftover food?,I don't have confirmed information about packing leftover food. Please check with the restaurant team.,menu.leftovers,,operator-faq,research_proposal
menu.packed-leftovers,menu,staff_confirmation,ordinary,ru,Можно упаковать оставшуюся еду с собой?,У меня нет подтверждённой информации об упаковке оставшейся еды с собой. Уточните это у сотрудника ресторана.,menu.leftovers,,operator-faq,research_proposal
menu.portion,menu,staff_confirmation,ordinary,et,Kui suur on põhiroa portsjon?,Mul ei ole kinnitatud infot põhiroogade portsjonisuuruse kohta. Palun täpsustage seda restorani töötajaga.,menu.portion_size,,operator-faq,research_proposal
menu.portion,menu,staff_confirmation,ordinary,en,How large is a main course portion?,I don't have confirmed information about main course portion sizes. Please check with the restaurant team.,menu.portion_size,,operator-faq,research_proposal
menu.portion,menu,staff_confirmation,ordinary,ru,Какой размер порции основного блюда?,У меня нет подтверждённой информации о размере порций основных блюд. Уточните это у сотрудника ресторана.,menu.portion_size,,operator-faq,research_proposal
menu.preorder,menu,staff_confirmation,ordinary,et,Kas toidu saab ette tellida?,Mul ei ole kinnitatud infot toidu ettetellimise korra kohta. Palun täpsustage seda restorani töötajaga.,menu.preorder,,operator-faq,research_proposal
menu.preorder,menu,staff_confirmation,ordinary,en,Can we pre-order food?,I don't have confirmed information about the food pre-order process. Please check with the restaurant team.,menu.preorder,,operator-faq,research_proposal
menu.preorder,menu,staff_confirmation,ordinary,ru,Можно заказать еду заранее?,У меня нет подтверждённой информации о порядке предварительного заказа еды. Уточните это у сотрудника ресторана.,menu.preorder,,operator-faq,research_proposal
menu.raw,menu,staff_confirmation,ordinary,et,Kas kala serveeritakse toorelt või küpsetatult?,Mul ei ole kinnitatud infot roogade täpse valmistusviisi kohta. Palun täpsustage seda restorani töötajaga.,menu.cooking_methods,,operator-faq,research_proposal
menu.raw,menu,staff_confirmation,ordinary,en,Is the fish served raw or cooked?,I don't have confirmed information about the exact cooking method for dishes. Please check with the restaurant team.,menu.cooking_methods,,operator-faq,research_proposal
menu.raw,menu,staff_confirmation,ordinary,ru,Рыбу подают сырой или приготовленной?,У меня нет подтверждённой информации о точном способе приготовления блюд. Уточните это у сотрудника ресторана.,menu.cooking_methods,,operator-faq,research_proposal
menu.sauce-side,menu,staff_confirmation,ordinary,et,Kas kastme saab eraldi?,Mul ei ole kinnitatud infot kastme eraldi serveerimise kohta. Palun täpsustage seda restorani töötajaga.,menu.sauce_separate,,operator-faq,research_proposal
menu.sauce-side,menu,staff_confirmation,ordinary,en,Can the sauce be served separately?,I don't have confirmed information about serving sauce separately. Please check with the restaurant team.,menu.sauce_separate,,operator-faq,research_proposal
menu.sauce-side,menu,staff_confirmation,ordinary,ru,Можно подать соус отдельно?,У меня нет подтверждённой информации о возможности подать соус отдельно. Уточните это у сотрудника ресторана.,menu.sauce_separate,,operator-faq,research_proposal
menu.seasonal,menu,staff_confirmation,ordinary,et,Kas menüü muutub hooajaliselt?,Mul ei ole kinnitatud infot menüü hooajaliste muudatuste kohta. Palun täpsustage seda restorani töötajaga.,menu.seasonal,,operator-faq,research_proposal
menu.seasonal,menu,staff_confirmation,ordinary,en,Does your menu change with the seasons?,I don't have confirmed information about seasonal menu changes. Please check with the restaurant team.,menu.seasonal,,operator-faq,research_proposal
menu.seasonal,menu,staff_confirmation,ordinary,ru,Меню меняется по сезонам?,У меня нет подтверждённой информации о сезонных изменениях меню. Уточните это у сотрудника ресторана.,menu.seasonal,,operator-faq,research_proposal
menu.set,menu,staff_confirmation,ordinary,et,Kas saab kindla hinnaga mitmekäigulise menüü?,Mul ei ole kinnitatud infot kindla hinnaga mitmekäigulise menüü kohta. Palun täpsustage seda restorani töötajaga.,menu.set_menu,,operator-faq,research_proposal
menu.set,menu,staff_confirmation,ordinary,en,Do you offer a set menu at a fixed price?,I don't have confirmed information about a fixed price set menu. Please check with the restaurant team.,menu.set_menu,,operator-faq,research_proposal
menu.set,menu,staff_confirmation,ordinary,ru,Есть меню из нескольких блюд по фиксированной цене?,У меня нет подтверждённой информации о меню из нескольких блюд по фиксированной цене. Уточните это у сотрудника ресторана.,menu.set_menu,,operator-faq,research_proposal
menu.sharing,menu,staff_confirmation,ordinary,et,Kas rooga võib jagada kahe inimese vahel?,Mul ei ole kinnitatud infot roa jagamise ja lisataldrikute korra kohta. Palun täpsustage seda restorani töötajaga.,menu.sharing,,operator-faq,research_proposal
menu.sharing,menu,staff_confirmation,ordinary,en,Can two people share a dish?,I don't have confirmed information about sharing dishes and extra plates. Please check with the restaurant team.,menu.sharing,,operator-faq,research_proposal
menu.sharing,menu,staff_confirmation,ordinary,ru,Можно разделить блюдо на двоих?,У меня нет подтверждённой информации о порядке разделения блюда и дополнительных тарелках. Уточните это у сотрудника ресторана.,menu.sharing,,operator-faq,research_proposal
menu.sold-out,menu,staff_confirmation,ordinary,et,Kas lõhe on täna veel saadaval?,Mul ei ole kinnitatud infot roogade tänase saadavuse kohta. Palun täpsustage seda restorani töötajaga.,menu.live_stock,,operator-faq,research_proposal
menu.sold-out,menu,staff_confirmation,ordinary,en,Is the salmon still available today?,I don't have confirmed information about today's dish availability. Please check with the restaurant team.,menu.live_stock,,operator-faq,research_proposal
menu.sold-out,menu,staff_confirmation,ordinary,ru,Лосось сегодня ещё есть?,У меня нет подтверждённой информации о наличии блюд сегодня. Уточните это у сотрудника ресторана.,menu.live_stock,,operator-faq,research_proposal
menu.special,menu,staff_confirmation,ordinary,et,Mis on tänane päevapraad?,Mul ei ole kinnitatud infot tänase päevapakkumise kohta. Palun täpsustage seda restorani töötajaga.,menu.daily_special,,operator-faq,research_proposal
menu.special,menu,staff_confirmation,ordinary,en,What is today's special?,I don't have confirmed information about today's special. Please check with the restaurant team.,menu.daily_special,,operator-faq,research_proposal
menu.special,menu,staff_confirmation,ordinary,ru,Какое сегодня блюдо дня?,У меня нет подтверждённой информации о сегодняшнем блюде дня. Уточните это у сотрудника ресторана.,menu.daily_special,,operator-faq,research_proposal
menu.spice,menu,staff_confirmation,ordinary,et,Kas toit on vürtsikas?,Mul ei ole kinnitatud infot roogade vürtsikuse kohta. Palun täpsustage seda restorani töötajaga.,menu.spice_level,,operator-faq,research_proposal
menu.spice,menu,staff_confirmation,ordinary,en,Is the food spicy?,I don't have confirmed information about how spicy the dishes are. Please check with the restaurant team.,menu.spice_level,,operator-faq,research_proposal
menu.spice,menu,staff_confirmation,ordinary,ru,Еда острая?,У меня нет подтверждённой информации об остроте блюд. Уточните это у сотрудника ресторана.,menu.spice_level,,operator-faq,research_proposal
menu.substitution,menu,staff_confirmation,ordinary,et,Kas kartuli saab köögiviljade vastu vahetada?,Mul ei ole kinnitatud infot lisandi asendamise võimaluse kohta. Palun täpsustage seda restorani töötajaga.,menu.substitutions,,operator-faq,research_proposal
menu.substitution,menu,staff_confirmation,ordinary,en,Can I swap potatoes for vegetables?,I don't have confirmed information about side dish substitutions. Please check with the restaurant team.,menu.substitutions,,operator-faq,research_proposal
menu.substitution,menu,staff_confirmation,ordinary,ru,Можно заменить картофель овощами?,У меня нет подтверждённой информации о возможности заменить гарнир. Уточните это у сотрудника ресторана.,menu.substitutions,,operator-faq,research_proposal
menu.tasting,menu,staff_confirmation,ordinary,et,Kas teil on degustatsioonimenüü?,Mul ei ole kinnitatud infot degustatsioonimenüü kohta. Palun täpsustage seda restorani töötajaga.,menu.tasting,,operator-faq,research_proposal
menu.tasting,menu,staff_confirmation,ordinary,en,Do you have a tasting menu?,I don't have confirmed information about a tasting menu. Please check with the restaurant team.,menu.tasting,,operator-faq,research_proposal
menu.tasting,menu,staff_confirmation,ordinary,ru,У вас есть дегустационное меню?,У меня нет подтверждённой информации о дегустационном меню. Уточните это у сотрудника ресторана.,menu.tasting,,operator-faq,research_proposal
menu.vegan,menu,demo_profile,ordinary,et,Kas teil on veganroogi?,Köögiviljasupp on profiilis märgitud veganroana. Allergia korral tuleb koostis ja valmistamine töötajaga kinnitada.,,profile,,research_proposal
menu.vegan,menu,demo_profile,ordinary,en,Do you have vegan dishes?,"The vegetable soup is marked as vegan in the profile. For an allergy, check ingredients and preparation with the team.",,profile,,research_proposal
menu.vegan,menu,demo_profile,ordinary,ru,У вас есть веганские блюда?,Овощной суп отмечен в профиле как веганское блюдо. При аллергии уточните состав и приготовление у сотрудника.,,profile,,research_proposal
menu.vegetarian,menu,demo_profile,ordinary,et,Milline toit sobib taimetoitlasele?,Profiilis on taimetoidu valikutena köögiviljasupp ja seenerisoto. Risoto allergeeniloendis on piim.,,profile,,research_proposal
menu.vegetarian,menu,demo_profile,ordinary,en,What can a vegetarian eat?,The profile lists vegetable soup and mushroom risotto as vegetarian options. Milk is declared for the risotto.,,profile,,research_proposal
menu.vegetarian,menu,demo_profile,ordinary,ru,Что есть для вегетарианца?,В профиле для вегетарианцев указаны овощной суп и ризотто с грибами. Для ризотто указан аллерген молоко.,,profile,,research_proposal
payment.cancel-fee,payment,staff_confirmation,ordinary,et,Kas tühistamisel tuleb tasu maksta?,Mul ei ole kinnitatud infot restorani tühistamistasu kohta. Palun täpsustage seda restorani töötajaga.,payment.cancellation_fee,,operator-faq,research_proposal
payment.cancel-fee,payment,staff_confirmation,ordinary,en,Is there a cancellation fee?,I don't have confirmed information about the restaurant's cancellation fees. Please check with the restaurant team.,payment.cancellation_fee,,operator-faq,research_proposal
payment.cancel-fee,payment,staff_confirmation,ordinary,ru,Есть плата за отмену брони?,У меня нет подтверждённой информации о плате за отмену брони в ресторане. Уточните это у сотрудника ресторана.,payment.cancellation_fee,,operator-faq,research_proposal
payment.card,payment,staff_confirmation,ordinary,et,Kas kaardiga saab maksta?,Mul ei ole kinnitatud infot kaardimakse võimaluse kohta. Palun täpsustage seda restorani töötajaga.,payment.cards,,operator-faq,research_proposal
payment.card,payment,staff_confirmation,ordinary,en,Can I pay by card?,I don't have confirmed information about card payment acceptance. Please check with the restaurant team.,payment.cards,,operator-faq,research_proposal
payment.card,payment,staff_confirmation,ordinary,ru,Можно оплатить картой?,У меня нет подтверждённой информации о возможности оплаты картой. Уточните это у сотрудника ресторана.,payment.cards,,operator-faq,research_proposal
payment.card-data,payment,workflow_policy,high,et,Kas annan sulle pangakaardi numbri?,Palun ärge öelge pangakaardi numbrit ega turvakoodi. Selles demos ma makseid vastu ei võta.,,runtime,,research_proposal
payment.card-data,payment,workflow_policy,high,en,Should I give you my card number?,Please don't share your card number or security code. I don't take payments in this demo.,,runtime,,research_proposal
payment.card-data,payment,workflow_policy,high,ru,Мне назвать номер банковской карты?,Не называйте номер карты или защитный код. В демоверсии я не принимаю платежи.,,runtime,,research_proposal
payment.cash,payment,staff_confirmation,ordinary,et,Kas võtate sularaha?,Mul ei ole kinnitatud infot sularahamakse võimaluse kohta. Palun täpsustage seda restorani töötajaga.,payment.cash,,operator-faq,research_proposal
payment.cash,payment,staff_confirmation,ordinary,en,Do you accept cash?,I don't have confirmed information about cash payments. Please check with the restaurant team.,payment.cash,,operator-faq,research_proposal
payment.cash,payment,staff_confirmation,ordinary,ru,Вы принимаете наличные?,У меня нет подтверждённой информации об оплате наличными. Уточните это у сотрудника ресторана.,payment.cash,,operator-faq,research_proposal
payment.currency,payment,staff_confirmation,ordinary,et,Kas eurodest erinevat valuutat võtate?,Mul ei ole kinnitatud infot vastuvõetavate valuutade kohta. Palun täpsustage seda restorani töötajaga.,payment.currency,,operator-faq,research_proposal
payment.currency,payment,staff_confirmation,ordinary,en,Do you accept currencies other than euros?,I don't have confirmed information about accepted currencies. Please check with the restaurant team.,payment.currency,,operator-faq,research_proposal
payment.currency,payment,staff_confirmation,ordinary,ru,"Вы принимаете другую валюту, кроме евро?",У меня нет подтверждённой информации о принимаемых валютах. Уточните это у сотрудника ресторана.,payment.currency,,operator-faq,research_proposal
payment.deposit,payment,staff_confirmation,ordinary,et,Kas broneerimiseks peab ettemaksu tegema?,Mul ei ole kinnitatud infot restorani ettemaksu tingimuste kohta. Palun täpsustage seda restorani töötajaga.,payment.deposit,,operator-faq,research_proposal
payment.deposit,payment,staff_confirmation,ordinary,en,Do I need to pay a deposit to book?,I don't have confirmed information about the restaurant's deposit terms. Please check with the restaurant team.,payment.deposit,,operator-faq,research_proposal
payment.deposit,payment,staff_confirmation,ordinary,ru,Для брони нужен депозит?,У меня нет подтверждённой информации об условиях депозита в ресторане. Уточните это у сотрудника ресторана.,payment.deposit,,operator-faq,research_proposal
payment.discount,payment,staff_confirmation,ordinary,et,Kas lastele või pensionäridele on soodustus?,Mul ei ole kinnitatud infot laste ja pensionäride soodustuste kohta. Palun täpsustage seda restorani töötajaga.,payment.discounts,,operator-faq,research_proposal
payment.discount,payment,staff_confirmation,ordinary,en,Are there discounts for children or pensioners?,I don't have confirmed information about discounts for children or pensioners. Please check with the restaurant team.,payment.discounts,,operator-faq,research_proposal
payment.discount,payment,staff_confirmation,ordinary,ru,Есть скидки для детей или пенсионеров?,У меня нет подтверждённой информации о скидках для детей и пенсионеров. Уточните это у сотрудника ресторана.,payment.discounts,,operator-faq,research_proposal
payment.invoice,payment,staff_confirmation,ordinary,et,Kas ettevõttele saab arve?,Mul ei ole kinnitatud infot ettevõtte arve väljastamise korra kohta. Palun täpsustage seda restorani töötajaga.,payment.invoice,,operator-faq,research_proposal
payment.invoice,payment,staff_confirmation,ordinary,en,Can you issue an invoice to a company?,I don't have confirmed information about company invoices. Please check with the restaurant team.,payment.invoice,,operator-faq,research_proposal
payment.invoice,payment,staff_confirmation,ordinary,ru,Можно счёт на компанию?,У меня нет подтверждённой информации о порядке выставления счёта компании. Уточните это у сотрудника ресторана.,payment.invoice,,operator-faq,research_proposal
payment.loyalty,payment,staff_confirmation,ordinary,et,Kas teil on püsikliendiprogramm?,Mul ei ole kinnitatud infot püsikliendiprogrammi kohta. Palun täpsustage seda restorani töötajaga.,payment.loyalty,,operator-faq,research_proposal
payment.loyalty,payment,staff_confirmation,ordinary,en,Do you have a loyalty programme?,I don't have confirmed information about a loyalty programme. Please check with the restaurant team.,payment.loyalty,,operator-faq,research_proposal
payment.loyalty,payment,staff_confirmation,ordinary,ru,У вас есть программа лояльности?,У меня нет подтверждённой информации о программе лояльности. Уточните это у сотрудника ресторана.,payment.loyalty,,operator-faq,research_proposal
payment.menu-prices,payment,demo_profile,high,et,Kui palju teie menüü road maksavad?,Menüü hinnad ei ole selles profiilis kinnitatud. Täpse hinna peab andma restorani töötaja.,,profile,,research_proposal
payment.menu-prices,payment,demo_profile,high,en,How much do your dishes cost?,Menu prices are not confirmed in this profile. Please ask the restaurant team for the exact prices.,,profile,,research_proposal
payment.menu-prices,payment,demo_profile,high,ru,Сколько стоят ваши блюда?,Цены меню в этом профиле не подтверждены. Точные цены уточните у сотрудника ресторана.,,profile,,research_proposal
payment.minimum,payment,staff_confirmation,ordinary,et,Kas lauale on minimaalne arvesumma?,Mul ei ole kinnitatud infot minimaalse arvesumma kohta. Palun täpsustage seda restorani töötajaga.,payment.minimum_spend,,operator-faq,research_proposal
payment.minimum,payment,staff_confirmation,ordinary,en,Is there a minimum spend for a table?,I don't have confirmed information about a minimum spend. Please check with the restaurant team.,payment.minimum_spend,,operator-faq,research_proposal
payment.minimum,payment,staff_confirmation,ordinary,ru,Есть минимальная сумма заказа на стол?,У меня нет подтверждённой информации о минимальной сумме заказа. Уточните это у сотрудника ресторана.,payment.minimum_spend,,operator-faq,research_proposal
payment.mobile,payment,staff_confirmation,ordinary,et,Kas telefoniga saab maksta?,Mul ei ole kinnitatud infot telefoniga maksmise võimaluse kohta. Palun täpsustage seda restorani töötajaga.,payment.mobile,,operator-faq,research_proposal
payment.mobile,payment,staff_confirmation,ordinary,en,Can I pay with my phone?,I don't have confirmed information about mobile payments. Please check with the restaurant team.,payment.mobile,,operator-faq,research_proposal
payment.mobile,payment,staff_confirmation,ordinary,ru,Можно оплатить телефоном?,У меня нет подтверждённой информации об оплате телефоном. Уточните это у сотрудника ресторана.,payment.mobile,,operator-faq,research_proposal
payment.no-show,payment,staff_confirmation,ordinary,et,Kas kohale ilmumata jätmisel tuleb tasu?,Mul ei ole kinnitatud infot kohale ilmumata jätmise tasu kohta. Palun täpsustage seda restorani töötajaga.,payment.no_show_fee,,operator-faq,research_proposal
payment.no-show,payment,staff_confirmation,ordinary,en,Is there a no-show fee?,I don't have confirmed information about no-show fees. Please check with the restaurant team.,payment.no_show_fee,,operator-faq,research_proposal
payment.no-show,payment,staff_confirmation,ordinary,ru,"Есть плата, если не прийти?",У меня нет подтверждённой информации о плате за неявку. Уточните это у сотрудника ресторана.,payment.no_show_fee,,operator-faq,research_proposal
payment.refund,payment,staff_confirmation,ordinary,et,Millal ettemaks tagasi makstakse?,Mul ei ole kinnitatud infot ettemaksu tagastamise korra ja tähtaja kohta. Palun täpsustage seda restorani töötajaga.,payment.refunds,,operator-faq,research_proposal
payment.refund,payment,staff_confirmation,ordinary,en,When is a deposit refunded?,I don't have confirmed information about deposit refund terms and timing. Please check with the restaurant team.,payment.refunds,,operator-faq,research_proposal
payment.refund,payment,staff_confirmation,ordinary,ru,Когда возвращают предоплату?,У меня нет подтверждённой информации о порядке и сроках возврата предоплаты. Уточните это у сотрудника ресторана.,payment.refunds,,operator-faq,research_proposal
payment.remote,payment,staff_confirmation,ordinary,et,Kas arve saab eemalt ära maksta?,Mul ei ole kinnitatud infot kinnitatud kaugmakse võimaluse kohta. Palun täpsustage seda restorani töötajaga.,payment.remote_payment,,operator-faq,research_proposal
payment.remote,payment,staff_confirmation,ordinary,en,Can I pay the bill remotely?,I don't have confirmed information about a verified remote payment option. Please check with the restaurant team.,payment.remote_payment,,operator-faq,research_proposal
payment.remote,payment,staff_confirmation,ordinary,ru,Можно оплатить счёт удалённо?,У меня нет подтверждённой информации о подтверждённой возможности удалённой оплаты. Уточните это у сотрудника ресторана.,payment.remote_payment,,operator-faq,research_proposal
payment.service-charge,payment,staff_confirmation,ordinary,et,Kas lisandub teenindustasu?,Mul ei ole kinnitatud infot teenindustasu kohta. Palun täpsustage seda restorani töötajaga.,payment.service_charge,,operator-faq,research_proposal
payment.service-charge,payment,staff_confirmation,ordinary,en,Is there a service charge?,I don't have confirmed information about service charges. Please check with the restaurant team.,payment.service_charge,,operator-faq,research_proposal
payment.service-charge,payment,staff_confirmation,ordinary,ru,Есть сервисный сбор?,У меня нет подтверждённой информации о сервисном сборе. Уточните это у сотрудника ресторана.,payment.service_charge,,operator-faq,research_proposal
payment.split,payment,staff_confirmation,ordinary,et,Kas arve saab eraldi teha?,Mul ei ole kinnitatud infot arve jagamise korra kohta. Palun täpsustage seda restorani töötajaga.,payment.split_bill,,operator-faq,research_proposal
payment.split,payment,staff_confirmation,ordinary,en,Can we split the bill?,I don't have confirmed information about splitting the bill. Please check with the restaurant team.,payment.split_bill,,operator-faq,research_proposal
payment.split,payment,staff_confirmation,ordinary,ru,Можно разделить счёт?,У меня нет подтверждённой информации о порядке разделения счёта. Уточните это у сотрудника ресторана.,payment.split_bill,,operator-faq,research_proposal
payment.tip,payment,staff_confirmation,ordinary,et,Kas jootraha saab kaardiga jätta?,Mul ei ole kinnitatud infot kaardiga jootraha jätmise kohta. Palun täpsustage seda restorani töötajaga.,payment.tips,,operator-faq,research_proposal
payment.tip,payment,staff_confirmation,ordinary,en,Can I leave a tip by card?,I don't have confirmed information about leaving tips by card. Please check with the restaurant team.,payment.tips,,operator-faq,research_proposal
payment.tip,payment,staff_confirmation,ordinary,ru,Можно оставить чаевые картой?,У меня нет подтверждённой информации о возможности оставить чаевые картой. Уточните это у сотрудника ресторана.,payment.tips,,operator-faq,research_proposal
payment.vat,payment,staff_confirmation,ordinary,et,Kas hinnad sisaldavad käibemaksu?,Mul ei ole kinnitatud infot kinnitatud hinnainfo ja käibemaksu esitamise kohta. Palun täpsustage seda restorani töötajaga.,payment.vat_details,,operator-faq,research_proposal
payment.vat,payment,staff_confirmation,ordinary,en,Do your prices include VAT?,I don't have confirmed information about verified prices and VAT presentation. Please check with the restaurant team.,payment.vat_details,,operator-faq,research_proposal
payment.vat,payment,staff_confirmation,ordinary,ru,Цены включают НДС?,У меня нет подтверждённой информации о подтверждённых ценах и указании НДС. Уточните это у сотрудника ресторана.,payment.vat_details,,operator-faq,research_proposal
payment.voucher,payment,staff_confirmation,ordinary,et,Kas kinkekaarti saab osta?,Mul ei ole kinnitatud infot kinkekaartide müügi kohta. Palun täpsustage seda restorani töötajaga.,payment.gift_vouchers,,operator-faq,research_proposal
payment.voucher,payment,staff_confirmation,ordinary,en,Can I buy a gift voucher?,I don't have confirmed information about gift voucher sales. Please check with the restaurant team.,payment.gift_vouchers,,operator-faq,research_proposal
payment.voucher,payment,staff_confirmation,ordinary,ru,Можно купить подарочный сертификат?,У меня нет подтверждённой информации о продаже подарочных сертификатов. Уточните это у сотрудника ресторана.,payment.gift_vouchers,,operator-faq,research_proposal
payment.voucher-expiry,payment,staff_confirmation,ordinary,et,Kui kaua kinkekaart kehtib?,Mul ei ole kinnitatud infot kinkekaardi kehtivusaja kohta. Palun täpsustage seda restorani töötajaga.,payment.voucher_expiry,,operator-faq,research_proposal
payment.voucher-expiry,payment,staff_confirmation,ordinary,en,How long is a gift voucher valid?,I don't have confirmed information about gift voucher validity. Please check with the restaurant team.,payment.voucher_expiry,,operator-faq,research_proposal
payment.voucher-expiry,payment,staff_confirmation,ordinary,ru,Сколько действует подарочный сертификат?,У меня нет подтверждённой информации о сроке действия подарочного сертификата. Уточните это у сотрудника ресторана.,payment.voucher_expiry,,operator-faq,research_proposal
payment.voucher-use,payment,staff_confirmation,ordinary,et,Kas kinkekaardiga saab maksta?,Mul ei ole kinnitatud infot kinkekaardi kasutamise tingimuste kohta. Palun täpsustage seda restorani töötajaga.,payment.voucher_redemption,,operator-faq,research_proposal
payment.voucher-use,payment,staff_confirmation,ordinary,en,Can I pay with a gift voucher?,I don't have confirmed information about gift voucher redemption conditions. Please check with the restaurant team.,payment.voucher_redemption,,operator-faq,research_proposal
payment.voucher-use,payment,staff_confirmation,ordinary,ru,Можно оплатить подарочным сертификатом?,У меня нет подтверждённой информации об условиях использования подарочного сертификата. Уточните это у сотрудника ресторана.,payment.voucher_redemption,,operator-faq,research_proposal
privacy.access,privacy,staff_confirmation,high,et,Kas saan oma andmetest koopia?,Mul ei ole kinnitatud infot andmete koopia taotlemise korra kohta. Palun täpsustage seda restorani töötajaga.,privacy.access_request,,aki-calls,research_proposal
privacy.access,privacy,staff_confirmation,high,en,Can I get a copy of my data?,I don't have confirmed information about the process for requesting a copy of your data. Please check with the restaurant team.,privacy.access_request,,aki-calls,research_proposal
privacy.access,privacy,staff_confirmation,high,ru,Можно получить копию моих данных?,У меня нет подтверждённой информации о порядке запроса копии ваших данных. Уточните это у сотрудника ресторана.,privacy.access_request,,aki-calls,research_proposal
privacy.deletion,privacy,staff_confirmation,high,et,Kuidas saan oma andmete kustutamist taotleda?,Mul ei ole kinnitatud infot andmekaitsetaotluste vastuvõtja ja kanali kohta. Palun täpsustage seda restorani töötajaga.,privacy.rights_contact,,aki-calls,research_proposal
privacy.deletion,privacy,staff_confirmation,high,en,How do I request deletion of my data?,I don't have confirmed information about the contact and channel for data rights requests. Please check with the restaurant team.,privacy.rights_contact,,aki-calls,research_proposal
privacy.deletion,privacy,staff_confirmation,high,ru,Как запросить удаление моих данных?,У меня нет подтверждённой информации о контакте и канале для запросов по персональным данным. Уточните это у сотрудника ресторана.,privacy.rights_contact,,aki-calls,research_proposal
privacy.marketing,privacy,staff_confirmation,high,et,Kas minu numbrit kasutatakse reklaamiks?,Mul ei ole kinnitatud infot telefoninumbri turunduses kasutamise tingimuste kohta. Palun täpsustage seda restorani töötajaga.,privacy.marketing,,aki-calls,research_proposal
privacy.marketing,privacy,staff_confirmation,high,en,Will my number be used for marketing?,I don't have confirmed information about the use of phone numbers for marketing. Please check with the restaurant team.,privacy.marketing,,aki-calls,research_proposal
privacy.marketing,privacy,staff_confirmation,high,ru,Мой номер будут использовать для рекламы?,У меня нет подтверждённой информации об условиях использования номера телефона для рекламы. Уточните это у сотрудника ресторана.,privacy.marketing,,aki-calls,research_proposal
privacy.no-recording,privacy,staff_confirmation,high,et,Kas saan rääkida ilma salvestamiseta?,Mul ei ole kinnitatud infot salvestamiseta suhtluskanali võimaluse kohta. Palun täpsustage seda restorani töötajaga.,privacy.alternative_channel,,aki-calls,research_proposal
privacy.no-recording,privacy,staff_confirmation,high,en,Can I use the service without recording?,I don't have confirmed information about an alternative channel without recording. Please check with the restaurant team.,privacy.alternative_channel,,aki-calls,research_proposal
privacy.no-recording,privacy,staff_confirmation,high,ru,Можно воспользоваться сервисом без записи?,У меня нет подтверждённой информации о возможности общения без записи. Уточните это у сотрудника ресторана.,privacy.alternative_channel,,aki-calls,research_proposal
privacy.policy-link,privacy,staff_confirmation,high,et,Kust saan privaatsustingimusi lugeda?,Mul ei ole kinnitatud infot kinnitatud privaatsustingimuste lingi kohta. Palun täpsustage seda restorani töötajaga.,privacy.policy_url,,aki-calls,research_proposal
privacy.policy-link,privacy,staff_confirmation,high,en,Where can I read the privacy policy?,I don't have confirmed information about a verified privacy policy link. Please check with the restaurant team.,privacy.policy_url,,aki-calls,research_proposal
privacy.policy-link,privacy,staff_confirmation,high,ru,Где прочитать политику конфиденциальности?,У меня нет подтверждённой информации о подтверждённой ссылке на политику конфиденциальности. Уточните это у сотрудника ресторана.,privacy.policy_url,,aki-calls,research_proposal
privacy.recording,privacy,staff_confirmation,high,et,Kas seda kõnet salvestatakse?,Mul ei ole kinnitatud infot selle kõne salvestamise tingimuste kohta. Palun täpsustage seda restorani töötajaga.,privacy.recording_notice,,aki-calls,research_proposal
privacy.recording,privacy,staff_confirmation,high,en,Is this call being recorded?,I don't have confirmed information about the recording conditions for this call. Please check with the restaurant team.,privacy.recording_notice,,aki-calls,research_proposal
privacy.recording,privacy,staff_confirmation,high,ru,Этот звонок записывается?,У меня нет подтверждённой информации об условиях записи этого звонка. Уточните это у сотрудника ресторана.,privacy.recording_notice,,aki-calls,research_proposal
privacy.retention,privacy,staff_confirmation,high,et,Kui kaua minu andmeid säilitatakse?,Mul ei ole kinnitatud infot selle teenuse andmete säilitamise tingimuste kohta. Palun täpsustage seda restorani töötajaga.,privacy.retention_notice,,aki-calls,research_proposal
privacy.retention,privacy,staff_confirmation,high,en,How long is my data kept?,I don't have confirmed information about this service's data retention policy. Please check with the restaurant team.,privacy.retention_notice,,aki-calls,research_proposal
privacy.retention,privacy,staff_confirmation,high,ru,Сколько хранят мои данные?,У меня нет подтверждённой информации об условиях хранения данных в этом сервисе. Уточните это у сотрудника ресторана.,privacy.retention_notice,,aki-calls,research_proposal
privacy.third-party,privacy,staff_confirmation,high,et,Millistele teenusepakkujatele andmeid saadetakse?,Mul ei ole kinnitatud infot selle teenuse avaliku andmetöötlejate teabe kohta. Palun täpsustage seda restorani töötajaga.,privacy.processors,,aki-calls,research_proposal
privacy.third-party,privacy,staff_confirmation,high,en,Which service providers receive my data?,I don't have confirmed information about this service's published information about processors. Please check with the restaurant team.,privacy.processors,,aki-calls,research_proposal
privacy.third-party,privacy,staff_confirmation,high,ru,Каким поставщикам услуг передают мои данные?,У меня нет подтверждённой информации о публичной информации об обработчиках данных этого сервиса. Уточните это у сотрудника ресторана.,privacy.processors,,aki-calls,research_proposal
seating.early-arrival,seating,staff_confirmation,ordinary,et,Kas võime enne broneeritud aega tulla?,Mul ei ole kinnitatud infot varasema saabumise korralduse kohta. Palun täpsustage seda restorani töötajaga.,seating.early_arrival,,operator-faq; family-label,research_proposal
seating.early-arrival,seating,staff_confirmation,ordinary,en,Can we arrive before our booked time?,I don't have confirmed information about arrangements for early arrival. Please check with the restaurant team.,seating.early_arrival,,operator-faq; family-label,research_proposal
seating.early-arrival,seating,staff_confirmation,ordinary,ru,Можно прийти раньше времени брони?,У меня нет подтверждённой информации о порядке действий при раннем приезде. Уточните это у сотрудника ресторана.,seating.early_arrival,,operator-faq; family-label,research_proposal
seating.late-hold,seating,staff_confirmation,ordinary,et,Mitu minutit lauda hilinemisel hoiate?,Mul ei ole kinnitatud infot hilinemisel laua hoidmise aja kohta. Palun täpsustage seda restorani töötajaga.,seating.late_hold,,operator-faq; family-label,research_proposal
seating.late-hold,seating,staff_confirmation,ordinary,en,How many minutes will you hold the table if we are late?,I don't have confirmed information about how long a table is held for late guests. Please check with the restaurant team.,seating.late_hold,,operator-faq; family-label,research_proposal
seating.late-hold,seating,staff_confirmation,ordinary,ru,Сколько минут вы держите столик при опоздании?,"У меня нет подтверждённой информации о времени, в течение которого держат столик при опоздании. Уточните это у сотрудника ресторана.",seating.late_hold,,operator-faq; family-label,research_proposal
seating.play-view,seating,staff_confirmation,ordinary,et,Kas saaksime laua mängunurga kõrvale?,Mul ei ole kinnitatud infot mängunurga kõrval oleva laua saadavuse kohta. Palun täpsustage seda restorani töötajaga.,seating.play_view,,operator-faq; family-label,research_proposal
seating.play-view,seating,staff_confirmation,ordinary,en,Can we sit beside the play corner?,I don't have confirmed information about a table beside the play corner. Please check with the restaurant team.,seating.play_view,,operator-faq; family-label,research_proposal
seating.play-view,seating,staff_confirmation,ordinary,ru,Можно столик рядом с игровым уголком?,У меня нет подтверждённой информации о наличии столика рядом с игровым уголком. Уточните это у сотрудника ресторана.,seating.play_view,,operator-faq; family-label,research_proposal
seating.separate,seating,staff_confirmation,ordinary,et,Kas meie seltskond saab istuda eraldi laudades?,Mul ei ole kinnitatud infot seltskonna eraldi laudadesse paigutamise kohta. Palun täpsustage seda restorani töötajaga.,seating.separate_tables,,operator-faq; family-label,research_proposal
seating.separate,seating,staff_confirmation,ordinary,en,Can our party sit at separate tables?,I don't have confirmed information about seating one party at separate tables. Please check with the restaurant team.,seating.separate_tables,,operator-faq; family-label,research_proposal
seating.separate,seating,staff_confirmation,ordinary,ru,Наша компания может сидеть за отдельными столами?,У меня нет подтверждённой информации о размещении одной компании за отдельными столами. Уточните это у сотрудника ресторана.,seating.separate_tables,,operator-faq; family-label,research_proposal
seating.single,seating,staff_confirmation,ordinary,et,Kas üksi saab restoranis süüa?,Mul ei ole kinnitatud infot ühe külastaja vastuvõtmise eritingimuste kohta. Palun täpsustage seda restorani töötajaga.,seating.solo_policy,,operator-faq; family-label,research_proposal
seating.single,seating,staff_confirmation,ordinary,en,Can I dine alone?,I don't have confirmed information about any conditions for solo diners. Please check with the restaurant team.,seating.solo_policy,,operator-faq; family-label,research_proposal
seating.single,seating,staff_confirmation,ordinary,ru,Можно прийти поесть одному?,У меня нет подтверждённой информации об особых условиях для одного гостя. Уточните это у сотрудника ресторана.,seating.solo_policy,,operator-faq; family-label,research_proposal
seating.specific-table,seating,staff_confirmation,ordinary,et,Kas saan valida kindla lauanumbri?,Mul ei ole kinnitatud infot kindla lauanumbri valimise võimaluse kohta. Palun täpsustage seda restorani töötajaga.,seating.specific_table,,operator-faq; family-label,research_proposal
seating.specific-table,seating,staff_confirmation,ordinary,en,Can I choose a particular table number?,I don't have confirmed information about choosing a specific table number. Please check with the restaurant team.,seating.specific_table,,operator-faq; family-label,research_proposal
seating.specific-table,seating,staff_confirmation,ordinary,ru,Можно выбрать конкретный номер стола?,У меня нет подтверждённой информации о возможности выбрать конкретный номер стола. Уточните это у сотрудника ресторана.,seating.specific_table,,operator-faq; family-label,research_proposal
seating.stay-longer,seating,staff_confirmation,ordinary,et,Kas lauda saab kauem kasutada?,Mul ei ole kinnitatud infot laua kasutusaja pikendamise kokkuleppe kohta. Palun täpsustage seda restorani töötajaga.,seating.extended_stay,,operator-faq; family-label,research_proposal
seating.stay-longer,seating,staff_confirmation,ordinary,en,Can we keep the table longer?,I don't have confirmed information about arranging extra time at the table. Please check with the restaurant team.,seating.extended_stay,,operator-faq; family-label,research_proposal
seating.stay-longer,seating,staff_confirmation,ordinary,ru,Можно остаться за столом подольше?,У меня нет подтверждённой информации о согласовании дополнительного времени за столом. Уточните это у сотрудника ресторана.,seating.extended_stay,,operator-faq; family-label,research_proposal
seating.tables-together,seating,staff_confirmation,ordinary,et,Kas kaks lauda saab kokku lükata?,Mul ei ole kinnitatud infot laudade kokku lükkamise võimaluse kohta. Palun täpsustage seda restorani töötajaga.,seating.join_tables,,operator-faq; family-label,research_proposal
seating.tables-together,seating,staff_confirmation,ordinary,en,Can you join two tables?,I don't have confirmed information about joining tables. Please check with the restaurant team.,seating.join_tables,,operator-faq; family-label,research_proposal
seating.tables-together,seating,staff_confirmation,ordinary,ru,Можно сдвинуть два стола вместе?,У меня нет подтверждённой информации о возможности сдвинуть столы вместе. Уточните это у сотрудника ресторана.,seating.join_tables,,operator-faq; family-label,research_proposal
seating.terrace,seating,staff_confirmation,ordinary,et,Kas teil on terrass?,Mul ei ole kinnitatud infot terrassi olemasolu kohta. Palun täpsustage seda restorani töötajaga.,seating.terrace,,operator-faq; family-label,research_proposal
seating.terrace,seating,staff_confirmation,ordinary,en,Do you have a terrace?,I don't have confirmed information about a terrace. Please check with the restaurant team.,seating.terrace,,operator-faq; family-label,research_proposal
seating.terrace,seating,staff_confirmation,ordinary,ru,У вас есть терраса?,У меня нет подтверждённой информации о наличии террасы. Уточните это у сотрудника ресторана.,seating.terrace,,operator-faq; family-label,research_proposal
seating.terrace-book,seating,staff_confirmation,ordinary,et,Kas saab broneerida laua terrassile?,Mul ei ole kinnitatud infot terrassilaua broneerimise võimaluse kohta. Palun täpsustage seda restorani töötajaga.,seating.terrace_booking,,operator-faq; family-label,research_proposal
seating.terrace-book,seating,staff_confirmation,ordinary,en,Can I book a terrace table?,I don't have confirmed information about booking a terrace table. Please check with the restaurant team.,seating.terrace_booking,,operator-faq; family-label,research_proposal
seating.terrace-book,seating,staff_confirmation,ordinary,ru,Можно забронировать столик на террасе?,У меня нет подтверждённой информации о возможности бронировать столик на террасе. Уточните это у сотрудника ресторана.,seating.terrace_booking,,operator-faq; family-label,research_proposal
seating.terrace-heat,seating,staff_confirmation,ordinary,et,Kas terrassil on soojendid?,Mul ei ole kinnitatud infot terrassi soojendite kohta. Palun täpsustage seda restorani töötajaga.,seating.terrace_heating,,operator-faq; family-label,research_proposal
seating.terrace-heat,seating,staff_confirmation,ordinary,en,Are there heaters on the terrace?,I don't have confirmed information about terrace heaters. Please check with the restaurant team.,seating.terrace_heating,,operator-faq; family-label,research_proposal
seating.terrace-heat,seating,staff_confirmation,ordinary,ru,На террасе есть обогреватели?,У меня нет подтверждённой информации об обогревателях на террасе. Уточните это у сотрудника ресторана.,seating.terrace_heating,,operator-faq; family-label,research_proposal
seating.terrace-rain,seating,staff_confirmation,ordinary,et,Mis saab terrassibroneeringust vihmaga?,Mul ei ole kinnitatud infot terrassibroneeringu vihmaplaani kohta. Palun täpsustage seda restorani töötajaga.,seating.terrace_rain,,operator-faq; family-label,research_proposal
seating.terrace-rain,seating,staff_confirmation,ordinary,en,What happens to a terrace booking if it rains?,I don't have confirmed information about the rain policy for terrace bookings. Please check with the restaurant team.,seating.terrace_rain,,operator-faq; family-label,research_proposal
seating.terrace-rain,seating,staff_confirmation,ordinary,ru,"Что будет с бронью на террасе, если пойдёт дождь?",У меня нет подтверждённой информации о порядке действий при дожде для брони на террасе. Уточните это у сотрудника ресторана.,seating.terrace_rain,,operator-faq; family-label,research_proposal
seating.waiting,seating,staff_confirmation,ordinary,et,"Kas teil on ooteala, kui laud pole veel valmis?",Mul ei ole kinnitatud infot ooteala olemasolu kohta. Palun täpsustage seda restorani töötajaga.,seating.waiting_area,,operator-faq; family-label,research_proposal
seating.waiting,seating,staff_confirmation,ordinary,en,Is there a waiting area if our table is not ready?,I don't have confirmed information about a waiting area. Please check with the restaurant team.,seating.waiting_area,,operator-faq; family-label,research_proposal
seating.waiting,seating,staff_confirmation,ordinary,ru,"Есть где подождать, если стол ещё не готов?",У меня нет подтверждённой информации о наличии зоны ожидания. Уточните это у сотрудника ресторана.,seating.waiting_area,,operator-faq; family-label,research_proposal
seating.waitlist,seating,staff_confirmation,ordinary,et,Kas saate meid ootenimekirja panna?,Mul ei ole kinnitatud infot restorani ootenimekirja korra kohta. Palun täpsustage seda restorani töötajaga.,seating.waitlist,,operator-faq; family-label,research_proposal
seating.waitlist,seating,staff_confirmation,ordinary,en,Can you put us on a waiting list?,I don't have confirmed information about the restaurant's waiting list process. Please check with the restaurant team.,seating.waitlist,,operator-faq; family-label,research_proposal
seating.waitlist,seating,staff_confirmation,ordinary,ru,Можете добавить нас в лист ожидания?,У меня нет подтверждённой информации о порядке ведения листа ожидания. Уточните это у сотрудника ресторана.,seating.waitlist,,operator-faq; family-label,research_proposal
seating.walk-in,seating,staff_confirmation,ordinary,et,Kas võib tulla ilma broneeringuta?,Mul ei ole kinnitatud infot ilma broneeringuta külastamise korra kohta. Palun täpsustage seda restorani töötajaga.,seating.walk_ins,,operator-faq; family-label,research_proposal
seating.walk-in,seating,staff_confirmation,ordinary,en,Can we come without a reservation?,I don't have confirmed information about the walk-in policy. Please check with the restaurant team.,seating.walk_ins,,operator-faq; family-label,research_proposal
seating.walk-in,seating,staff_confirmation,ordinary,ru,Можно прийти без брони?,У меня нет подтверждённой информации о порядке посещения без брони. Уточните это у сотрудника ресторана.,seating.walk_ins,,operator-faq; family-label,research_proposal
seating.window,seating,staff_confirmation,ordinary,et,Kas saab aknaaluse laua?,Mul ei ole kinnitatud infot aknaaluse laua saadavuse kohta. Palun täpsustage seda restorani töötajaga.,seating.window,,operator-faq; family-label,research_proposal
seating.window,seating,staff_confirmation,ordinary,en,Can I have a table by the window?,I don't have confirmed information about a table by the window. Please check with the restaurant team.,seating.window,,operator-faq; family-label,research_proposal
seating.window,seating,staff_confirmation,ordinary,ru,Можно столик у окна?,У меня нет подтверждённой информации о наличии столика у окна. Уточните это у сотрудника ресторана.,seating.window,,operator-faq; family-label,research_proposal
service.allergy-incident,service,urgent_guidance,urgent,et,Mul tekkis pärast söömist tugev allergiline reaktsioon.,"Kui vajate kiiret abi või tervis on ohus, helistage kohe 112 ja kutsuge töötaja appi. Ma ei saa teid diagnoosida ega abi teie eest kutsuda.",,112,,research_proposal
service.allergy-incident,service,urgent_guidance,urgent,en,I'm having a severe allergic reaction after eating.,"If you need urgent help or your health is in danger, call 112 immediately and alert staff. I can't diagnose you or call help for you.",,112,,research_proposal
service.allergy-incident,service,urgent_guidance,urgent,ru,После еды у меня сильная аллергическая реакция.,"Если нужна срочная помощь или здоровье в опасности, сразу позвоните 112 и сообщите сотруднику. Я не могу поставить диагноз или вызвать помощь за вас.",,112,,research_proposal
service.callback,service,workflow_policy,ordinary,et,Kas saate korraldada tagasihelistamise?,Selles demos ei saa ma tagasihelistamist korraldada ega kinnitada. Palun leppige see restorani töötajaga kokku.,,runtime,,research_proposal
service.callback,service,workflow_policy,ordinary,en,Can you arrange a callback?,I can't arrange or confirm a callback in this demo. Please agree this with the restaurant team.,,runtime,,research_proposal
service.callback,service,workflow_policy,ordinary,ru,Можете организовать обратный звонок?,В демоверсии я не могу организовать или подтвердить обратный звонок. Договоритесь об этом с сотрудником ресторана.,,runtime,,research_proposal
service.collection,service,staff_confirmation,ordinary,et,Kust saab ettetellitud toidu kätte?,Mul ei ole kinnitatud infot ettetellitud toidu väljastamise koha kohta. Palun täpsustage seda restorani töötajaga.,service.collection,,operator-faq; ttja-disputes,research_proposal
service.collection,service,staff_confirmation,ordinary,en,Where do I collect a pre-order?,I don't have confirmed information about the collection point for pre-orders. Please check with the restaurant team.,service.collection,,operator-faq; ttja-disputes,research_proposal
service.collection,service,staff_confirmation,ordinary,ru,Где забрать предварительный заказ?,У меня нет подтверждённой информации о месте выдачи предварительных заказов. Уточните это у сотрудника ресторана.,service.collection,,operator-faq; ttja-disputes,research_proposal
service.compensation,service,staff_confirmation,ordinary,et,Kas halva teeninduse eest saab raha tagasi?,Mul ei ole kinnitatud infot restorani hüvitise otsustamise korra kohta. Palun täpsustage seda restorani töötajaga.,service.compensation,,operator-faq; ttja-disputes,research_proposal
service.compensation,service,staff_confirmation,ordinary,en,Can I get a refund for poor service?,I don't have confirmed information about the restaurant's compensation process. Please check with the restaurant team.,service.compensation,,operator-faq; ttja-disputes,research_proposal
service.compensation,service,staff_confirmation,ordinary,ru,Можно вернуть деньги за плохое обслуживание?,У меня нет подтверждённой информации о порядке решения вопросов компенсации. Уточните это у сотрудника ресторана.,service.compensation,,operator-faq; ttja-disputes,research_proposal
service.complaint-contact,service,staff_confirmation,ordinary,et,Kellele saan teeninduse kohta kaebuse esitada?,Mul ei ole kinnitatud infot restorani kaebuste vastuvõtja ja kanali kohta. Palun täpsustage seda restorani töötajaga.,service.complaints,,operator-faq; ttja-disputes,research_proposal
service.complaint-contact,service,staff_confirmation,ordinary,en,Who can I complain to about the service?,I don't have confirmed information about the restaurant's complaint contact and channel. Please check with the restaurant team.,service.complaints,,operator-faq; ttja-disputes,research_proposal
service.complaint-contact,service,staff_confirmation,ordinary,ru,Кому можно пожаловаться на обслуживание?,У меня нет подтверждённой информации о контакте и канале для жалоб в ресторане. Уточните это у сотрудника ресторана.,service.complaints,,operator-faq; ttja-disputes,research_proposal
service.delivery,service,staff_confirmation,ordinary,et,Kas toitu saab koju tellida?,Mul ei ole kinnitatud infot restorani kojuveo võimaluse kohta. Palun täpsustage seda restorani töötajaga.,service.delivery,,operator-faq; ttja-disputes,research_proposal
service.delivery,service,staff_confirmation,ordinary,en,Do you deliver food?,I don't have confirmed information about the restaurant's delivery service. Please check with the restaurant team.,service.delivery,,operator-faq; ttja-disputes,research_proposal
service.delivery,service,staff_confirmation,ordinary,ru,Вы доставляете еду?,У меня нет подтверждённой информации о доставке еды из ресторана. Уточните это у сотрудника ресторана.,service.delivery,,operator-faq; ttja-disputes,research_proposal
service.delivery-area,service,staff_confirmation,ordinary,et,Millisesse piirkonda te toitu viite?,Mul ei ole kinnitatud infot kojuveo piirkonna kohta. Palun täpsustage seda restorani töötajaga.,service.delivery_area,,operator-faq; ttja-disputes,research_proposal
service.delivery-area,service,staff_confirmation,ordinary,en,Which areas do you deliver to?,I don't have confirmed information about the delivery area. Please check with the restaurant team.,service.delivery_area,,operator-faq; ttja-disputes,research_proposal
service.delivery-area,service,staff_confirmation,ordinary,ru,В какие районы вы доставляете еду?,У меня нет подтверждённой информации о районе доставки. Уточните это у сотрудника ресторана.,service.delivery_area,,operator-faq; ttja-disputes,research_proposal
service.delivery-fee,service,staff_confirmation,ordinary,et,Kui palju kohaletoimetamine maksab?,Mul ei ole kinnitatud infot kohaletoimetamise tasu kohta. Palun täpsustage seda restorani töötajaga.,service.delivery_fee,,operator-faq; ttja-disputes,research_proposal
service.delivery-fee,service,staff_confirmation,ordinary,en,How much is delivery?,I don't have confirmed information about delivery fees. Please check with the restaurant team.,service.delivery_fee,,operator-faq; ttja-disputes,research_proposal
service.delivery-fee,service,staff_confirmation,ordinary,ru,Сколько стоит доставка?,У меня нет подтверждённой информации о стоимости доставки. Уточните это у сотрудника ресторана.,service.delivery_fee,,operator-faq; ttja-disputes,research_proposal
service.delivery-time,service,staff_confirmation,ordinary,et,Kui kaua kulleriga tellimus võtab?,Mul ei ole kinnitatud infot kojuveo praeguse ooteaja kohta. Palun täpsustage seda restorani töötajaga.,service.delivery_wait,,operator-faq; ttja-disputes,research_proposal
service.delivery-time,service,staff_confirmation,ordinary,en,How long does delivery take?,I don't have confirmed information about the current delivery wait. Please check with the restaurant team.,service.delivery_wait,,operator-faq; ttja-disputes,research_proposal
service.delivery-time,service,staff_confirmation,ordinary,ru,Сколько занимает доставка?,У меня нет подтверждённой информации о текущем времени ожидания доставки. Уточните это у сотрудника ресторана.,service.delivery_wait,,operator-faq; ttja-disputes,research_proposal
service.food-order,service,workflow_policy,ordinary,et,Tellin ühe supi ja ühe mahla.,"Selles demos saan aidata lauabroneeringuga, kuid toidutellimust ma vastu ei võta. Palun pöörduge restorani töötaja poole.",,runtime,,research_proposal
service.food-order,service,workflow_policy,ordinary,en,I'd like to order a soup and a juice.,"This demo can help with a table booking, but I can't place a food order. Please contact the restaurant team.",,runtime,,research_proposal
service.food-order,service,workflow_policy,ordinary,ru,Хочу заказать суп и сок.,"В демоверсии я могу помочь с бронью столика, но не принимаю заказы еды. Обратитесь к сотруднику ресторана.",,runtime,,research_proposal
service.food-wait,service,staff_confirmation,ordinary,et,Kui kaua praegu toitu ootama peab?,Mul ei ole kinnitatud infot toidu praeguse ooteaja kohta. Palun täpsustage seda restorani töötajaga.,service.food_wait,,operator-faq; ttja-disputes,research_proposal
service.food-wait,service,staff_confirmation,ordinary,en,How long is the wait for food right now?,I don't have confirmed information about the current food waiting time. Please check with the restaurant team.,service.food_wait,,operator-faq; ttja-disputes,research_proposal
service.food-wait,service,staff_confirmation,ordinary,ru,Сколько сейчас ждать еду?,У меня нет подтверждённой информации о текущем времени ожидания еды. Уточните это у сотрудника ресторана.,service.food_wait,,operator-faq; ttja-disputes,research_proposal
service.human,service,workflow_policy,ordinary,et,Kas saate mind inimesega ühendada?,Palun pöörduge restorani töötaja poole. Selles demos ei saa ma kõnet edasi suunata.,,runtime,,research_proposal
service.human,service,workflow_policy,ordinary,en,Can you connect me to a person?,Please contact the restaurant team. I can't transfer calls in this demo.,,runtime,,research_proposal
service.human,service,workflow_policy,ordinary,ru,Можете соединить меня с человеком?,Обратитесь к сотруднику ресторана. В демоверсии я не могу перевести звонок.,,runtime,,research_proposal
service.jobs,service,staff_confirmation,ordinary,et,Kas teil on vabu töökohti?,Mul ei ole kinnitatud infot restorani tööpakkumiste kohta. Palun täpsustage seda restorani töötajaga.,service.jobs,,operator-faq; ttja-disputes,research_proposal
service.jobs,service,staff_confirmation,ordinary,en,Do you have any job vacancies?,I don't have confirmed information about restaurant job vacancies. Please check with the restaurant team.,service.jobs,,operator-faq; ttja-disputes,research_proposal
service.jobs,service,staff_confirmation,ordinary,ru,У вас есть вакансии?,У меня нет подтверждённой информации о вакансиях ресторана. Уточните это у сотрудника ресторана.,service.jobs,,operator-faq; ttja-disputes,research_proposal
service.lost-item,service,staff_confirmation,ordinary,et,Kas leidsid minu kaotatud jope?,Mul ei ole kinnitatud infot leitud esemete ja nende tagastamise korra kohta. Palun täpsustage seda restorani töötajaga.,service.lost_property,,operator-faq; ttja-disputes,research_proposal
service.lost-item,service,staff_confirmation,ordinary,en,Have you found my lost jacket?,I don't have confirmed information about lost property and its return process. Please check with the restaurant team.,service.lost_property,,operator-faq; ttja-disputes,research_proposal
service.lost-item,service,staff_confirmation,ordinary,ru,Вы нашли мою потерянную куртку?,У меня нет подтверждённой информации о найденных вещах и порядке их возврата. Уточните это у сотрудника ресторана.,service.lost_property,,operator-faq; ttja-disputes,research_proposal
service.manager-hours,service,staff_confirmation,ordinary,et,Millal juhatajaga rääkida saab?,Mul ei ole kinnitatud infot juhataja kättesaadavuse kohta. Palun täpsustage seda restorani töötajaga.,service.manager_availability,,operator-faq; ttja-disputes,research_proposal
service.manager-hours,service,staff_confirmation,ordinary,en,When can I speak to the manager?,I don't have confirmed information about the manager's availability. Please check with the restaurant team.,service.manager_availability,,operator-faq; ttja-disputes,research_proposal
service.manager-hours,service,staff_confirmation,ordinary,ru,Когда можно поговорить с управляющим?,У меня нет подтверждённой информации о доступности управляющего. Уточните это у сотрудника ресторана.,service.manager_availability,,operator-faq; ttja-disputes,research_proposal
service.table-service,service,staff_confirmation,ordinary,et,Kas tellimuse võetakse lauas või letis?,Mul ei ole kinnitatud infot tellimuse vastuvõtmise korralduse kohta. Palun täpsustage seda restorani töötajaga.,service.table_service,,operator-faq; ttja-disputes,research_proposal
service.table-service,service,staff_confirmation,ordinary,en,Do we order at the table or at the counter?,I don't have confirmed information about table or counter ordering. Please check with the restaurant team.,service.table_service,,operator-faq; ttja-disputes,research_proposal
service.table-service,service,staff_confirmation,ordinary,ru,Заказ принимают за столом или у стойки?,У меня нет подтверждённой информации о порядке заказа за столом или у стойки. Уточните это у сотрудника ресторана.,service.table_service,,operator-faq; ttja-disputes,research_proposal
service.takeaway,service,staff_confirmation,ordinary,et,Kas toitu saab kaasa tellida?,Mul ei ole kinnitatud infot restorani kaasamüügi võimaluse kohta. Palun täpsustage seda restorani töötajaga.,service.takeaway,,operator-faq; ttja-disputes,research_proposal
service.takeaway,service,staff_confirmation,ordinary,en,Can I order food to take away?,I don't have confirmed information about the restaurant's takeaway service. Please check with the restaurant team.,service.takeaway,,operator-faq; ttja-disputes,research_proposal
service.takeaway,service,staff_confirmation,ordinary,ru,Можно заказать еду с собой?,У меня нет подтверждённой информации о возможности заказать еду с собой в ресторане. Уточните это у сотрудника ресторана.,service.takeaway,,operator-faq; ttja-disputes,research_proposal
service.wrong-dish,service,staff_confirmation,ordinary,et,"Mulle toodi vale roog, mida teha?",Mul ei ole kinnitatud infot restorani vale roa lahendamise korra kohta. Palun täpsustage seda restorani töötajaga.,service.wrong_dish,,operator-faq; ttja-disputes,research_proposal
service.wrong-dish,service,staff_confirmation,ordinary,en,I received the wrong dish. What should I do?,I don't have confirmed information about the restaurant's process for a wrong dish. Please check with the restaurant team.,service.wrong_dish,,operator-faq; ttja-disputes,research_proposal
service.wrong-dish,service,staff_confirmation,ordinary,ru,Мне принесли не то блюдо. Что делать?,У меня нет подтверждённой информации о порядке действий при неверном блюде. Уточните это у сотрудника ресторана.,service.wrong_dish,,operator-faq; ttja-disputes,research_proposal
voice.clock-choice,voice,workflow_policy,ordinary,et,Miks küsid six o'clock järel hommikut või õhtut?,"„Six o'clock” ei ütle iseenesest, kas mõeldud on kell 6 või 18. Palun täpsustage hommik või õhtu.",,runtime,,research_proposal
voice.clock-choice,voice,workflow_policy,ordinary,en,Why do you ask AM or PM after six o'clock?,“Six o'clock” alone does not say whether you mean 06:00 or 18:00. Please specify AM or PM.,,runtime,,research_proposal
voice.clock-choice,voice,workflow_policy,ordinary,ru,Почему после six o'clock уточняешь утро или вечер?,"«Six o'clock» само по себе не уточняет 06:00 или 18:00. Скажите, утро это или вечер.",,runtime,,research_proposal
voice.date-forms,voice,workflow_policy,ordinary,et,Kas 4th October tähendab neljandat oktoobrit?,"„4th October” on toetatud kuupäevavorm. Ebaselge päev, kuu või aasta tuleb enne broneerimist täpsustada.",,runtime,,research_proposal
voice.date-forms,voice,workflow_policy,ordinary,en,Does 4th October mean the fourth of October?,"“4th October” is a supported date format. An unclear day, month or year must be clarified before booking.",,runtime,,research_proposal
voice.date-forms,voice,workflow_policy,ordinary,ru,4th October означает четвёртое октября?,"«4th October» — поддерживаемая форма даты. Неясные день, месяц или год нужно уточнить до бронирования.",,runtime,,research_proposal
voice.identity,voice,workflow_policy,ordinary,et,Kas sa oled inimene või robot?,"Olen restorani kõneabiline. Aitan lauabroneeringute, menüü ja lahtiolekuaegadega.",,runtime,,research_proposal
voice.identity,voice,workflow_policy,ordinary,en,Are you a person or a bot?,"I'm the restaurant's voice assistant. I can help with table bookings, the menu and opening hours.",,runtime,,research_proposal
voice.identity,voice,workflow_policy,ordinary,ru,Ты человек или робот?,"Я голосовой помощник ресторана. Могу помочь со столиком, меню и часами работы.",,runtime,,research_proposal
voice.languages,voice,workflow_policy,ordinary,et,Mis keeltes sa aru saad?,"Aitan eesti, inglise ja vene keeles. Kui kuuldud keel on muu või ebaselge, palun valida üks neist.",,runtime,,research_proposal
voice.languages,voice,workflow_policy,ordinary,en,Which languages do you understand?,"I can help in Estonian, English and Russian. If the detected language is different or unclear, I'll ask you to use one of those.",,runtime,,research_proposal
voice.languages,voice,workflow_policy,ordinary,ru,Какие языки ты понимаешь?,"Я могу помочь на эстонском, английском и русском. Если распознан другой язык или язык неясен, попрошу выбрать один из этих трёх.",,runtime,,research_proposal
voice.telephone,voice,workflow_policy,ordinary,et,Kas need vastused töötavad ka telefonis?,Veeb ja telefon kasutavad jagatud vastusekoodi. Telefoni töötava versiooni ja päris kõne kontrollimine on eraldi vajalik; praegu pole see kinnitatud.,,runtime,,research_proposal
voice.telephone,voice,workflow_policy,ordinary,en,Do these answers work on the telephone too?,The web and telephone share the answer code. The running telephone version and a real call need separate verification; that is currently unconfirmed.,,runtime,,research_proposal
voice.telephone,voice,workflow_policy,ordinary,ru,Эти ответы работают и по телефону?,Веб и телефон используют общий код ответов. Рабочую версию телефонного сервиса и реальный звонок нужно проверить отдельно; сейчас это не подтверждено.,,runtime,,research_proposal
voice.typo,voice,workflow_policy,ordinary,et,Kas oktobte võib tähendada oktoobrit?,"Kuupäeva kontekstis on „oktobte” toetatud oktoobri paranduseks. Kui parandusel on mitu võimalikku tähendust, tuleb kuupäev täpsustada.",,runtime,,research_proposal
voice.typo,voice,workflow_policy,ordinary,en,Could oktobte mean October?,"In a date context, “oktobte” is a supported correction for October. If a correction has competing meanings, the date must be clarified.",,runtime,,research_proposal
voice.typo,voice,workflow_policy,ordinary,ru,Oktobte может означать октябрь?,"В контексте даты «oktobte» поддерживается как исправление на октябрь. Если исправление допускает несколько значений, дату нужно уточнить.",,runtime,,research_proposal
